Historical Rts2 Publication Microsecond,Historical Rts2 Trading Microsecond,Historical Rts2 Instrument Identification Code,Instruments New Instrument Full Name,Historical Rts2 Transaction Identification Code,Historical Rts2 Venue of Publication,Mifid Entities Commercial Name,Historical Rts2 Price Notation,Historical Rts2 Price,Historical Rts2 Price Currency,Historical Rts2 Notional Amount,Historical Rts2 Notional Currency,Historical Rts2 Flag List,Historical Rts2 Count Event
2022-02-25 20:26:56.167374,2021-02-26 08:23:39.000000,US298785JL15,European Investment Bank DL Notes 2021 31 ,2202252026560486796,TRAX,TRAX,PERC,96.404,USD,5000000,USD,ILQD LRGS,1
2022-02-25 20:26:56.447328,2021-02-26 11:52:21.000000,US298785JL15,European Investment Bank DL Notes 2021 31 ,2202252026560316252,TRAX,TRAX,PERC,96.211,USD,5000000,USD,ILQD LRGS,1
2022-03-04 14:08:25.905150,2021-03-02 14:09:57.000000,US298785JL15,European Investment Bank DL Notes 2021 31 ,2104060727180430006,TRAX,TRAX,PERC,96.948202,,65000000,USD,CANC LRGS,1
2022-02-25 19:56:08.931444,2021-03-09 09:49:24.000000,US298785JL15,European Investment Bank DL Notes 2021 31 ,2104130849160354610,TRAX,TRAX,PERC,96.235,,25420000,USD,CANC FULJ LRGS,1
2022-02-25 23:42:47.798946,2021-03-09 09:52:03.000000,US298785JL15,European Investment Bank DL Notes 2021 31 ,2202252342470411851,TRAX,TRAX,PERC,96.235,USD,25420000,USD,ILQD LRGS,1
2022-02-25 23:45:32.583017,2021-03-09 09:52:03.000000,US298785JL15,European Investment Bank DL Notes 2021 31 ,2202252342470411851,TRAX,TRAX,PERC,96.235,USD,25420000,USD,CANC ILQD LRGS,1
2022-02-25 23:45:32.583207,2021-03-09 09:52:03.000000,US298785JL15,European Investment Bank DL Notes 2021 31 ,2202252342470411851,TRAX,TRAX,PERC,96.235,USD,25420000,USD,AMND ILQD LRGS,1
2022-02-08 06:03:49.000000,2022-01-04 16:19:03.508000,US298785JL15,European Investment Bank DL Notes 2021 31 ,'7208212414234365123,TWEM,TRADEWEB,PERC,96.073,USD,10000,USD,FULJ ILQD,1
2022-02-08 06:33:55.000000,2022-01-07 16:06:58.386000,US298785JL15,European Investment Bank DL Notes 2021 31 ,'7208212414234600006,TREA,TRADEWEB APA,PERC,95.21,USD,8000000,USD,FULJ ILQD SIZE,1
2022-02-15 06:32:38.000000,2022-01-10 08:51:31.643000,US298785JL15,European Investment Bank DL Notes 2021 31 ,'7208220110815788861,TREA,TRADEWEB APA,PERC,95.13,USD,8000000,USD,FULJ ILQD SIZE,1
2022-02-09 06:03:43.000000,2022-01-10 08:55:15.426000,US298785JL15,European Investment Bank DL Notes 2021 31 ,'7208213513746009022,TWEA,TRADEWEB APA,PERC,95.13,USD,8000000,USD,AMND FULV ILQD SIZE,1
2022-02-16 22:45:34.194474,2022-01-10 10:58:36.830000,US298785JL15,European Investment Bank DL Notes 2021 31 ,2202162245340212382,TRNL,TRAX,PERC,95.27763,,25000000,USD,ILQD LRGS,1
2022-02-15 06:32:43.000000,2022-01-10 11:17:22.533000,US298785JL15,European Investment Bank DL Notes 2021 31 ,'7208220110815793061,TREA,TRADEWEB APA,PERC,95.27763,USD,25000000,USD,FULJ ILQD SIZE,1
2022-02-15 06:32:45.000000,2022-01-10 15:38:26.773000,US298785JL15,European Investment Bank DL Notes 2021 31 ,'7208220110815794781,TREA,TRADEWEB APA,PERC,95.083,USD,5000000,USD,FULJ ILQD SIZE,1
2022-02-15 06:33:45.000000,2022-01-11 13:26:31.848000,US298785JL15,European Investment Bank DL Notes 2021 31 ,'7208220110815844788,TREA,TRADEWEB APA,PERC,95.4,USD,30000000,USD,FULJ ILQD SIZE,1
2022-02-15 06:03:45.000000,2022-01-11 14:16:03.632000,US298785JL15,European Investment Bank DL Notes 2021 31 ,'7208220110815760056,TWEM,TRADEWEB,PERC,95.027,USD,65000,USD,FULJ ILQD,1
2022-03-25 10:03:41.000000,2022-01-11 14:21:22.563000,US298785JL15,European Investment Bank DL Notes 2021 31 ,'7208214613257640376,TWEA,TRADEWEB APA,PERC,95.4,USD,30000000,USD,CANC FULV ILQD SIZE,1
2022-03-25 10:03:41.000000,2022-01-11 14:21:22.563000,US298785JL15,European Investment Bank DL Notes 2021 31 ,'7208183826932080231,TWEA,TRADEWEB APA,PERC,95.4,USD,,USD,CANC VOLO,1
2022-02-10 06:03:31.000000,2022-01-11 14:21:22.563000,US298785JL15,European Investment Bank DL Notes 2021 31 ,'7208214613257640252,TWEA,TRADEWEB APA,PERC,95.4,USD,30000000,USD,FULV ILQD SIZE,1
2022-02-10 06:03:31.000000,2022-01-11 14:21:22.563000,US298785JL15,European Investment Bank DL Notes 2021 31 ,'7208214613257640376,TWEA,TRADEWEB APA,PERC,95.4,USD,30000000,USD,FULV ILQD SIZE,1
2022-02-15 06:33:34.000000,2022-01-11 15:01:39.000000,US298785JL15,European Investment Bank DL Notes 2021 31 ,'7208220110815834857,TREA,TRADEWEB APA,PERC,95.381,USD,4000000,USD,FULJ ILQD SIZE,1
2022-02-22 07:37:38.687000,2022-01-18 10:56:11.250000,US298785JL15,European Investment Bank DL Notes 2021 31 ,248659d2-17fe-4b99-a855-df834067d9ff,BTFE,BLOOMBERG,PERC,95.024,USD,50000,USD,FULJ ILQD,1
2022-02-22 06:33:47.006387,2022-01-18 15:48:05.192000,US298785JL15,European Investment Bank DL Notes 2021 31 ,2.2022206334701169e+18,MAEL,MARKETAXESS,PERC,94.648,USD,990000,USD,ILQD LRGS,1
2022-02-22 08:33:33.234000,2022-01-18 17:24:36.974000,US298785JL15,European Investment Bank DL Notes 2021 31 ,64fd9bfc-0a31-4490-a5f6-41ee8d7a7712,BMTF,BLOOMBERG,PERC,94.735,USD,385000,USD,FULJ LRGS,1
2022-02-22 07:45:17.410000,2022-01-19 15:01:00.067000,US298785JL15,European Investment Bank DL Notes 2021 31 ,b13575a1-fb25-4783-9677-47c87611236c,BTFE,BLOOMBERG,PERC,94.58,USD,1000000,USD,FULJ ILQD,1
2022-02-22 07:36:49.000000,2022-01-19 15:42:23.093000,US298785JL15,European Investment Bank DL Notes 2021 31 ,'7208227807397480314,TREA,TRADEWEB APA,PERC,94.589547,USD,500000,USD,FULJ ILQD SIZE,1
2022-02-22 07:58:24.194000,2022-01-20 09:24:53.187000,US298785JL15,European Investment Bank DL Notes 2021 31 ,393410bf-985f-4358-a24b-8a20aa7545da,BTFE,BLOOMBERG,PERC,94.787,USD,100000,USD,FULJ ILQD,1
2022-02-22 07:34:04.578000,2022-01-20 12:18:39.401000,US298785JL15,European Investment Bank DL Notes 2021 31 ,6408d408-d46b-47bd-8356-38bdcd0d10f8,BTFE,BLOOMBERG,PERC,94.783,USD,961000,USD,FULJ ILQD,1
2022-02-22 07:48:42.945000,2022-01-20 12:33:06.115000,US298785JL15,European Investment Bank DL Notes 2021 31 ,7b3aa656-6861-4ebf-89a4-43543ef3a787,BTFE,BLOOMBERG,PERC,94.731,USD,50000,USD,FULJ ILQD,1
2022-02-22 07:39:43.000000,2022-01-21 21:00:10.363000,US298785JL15,European Investment Bank DL Notes 2021 31 ,'7208227807397625012,TREA,TRADEWEB APA,PERC,95.457,USD,1000000,USD,FULJ ILQD SIZE,1
2022-03-01 07:55:04.446000,2022-01-24 08:37:05.990000,US298785JL15,European Investment Bank DL Notes 2021 31 ,a3dfbfb8-a854-49af-9cd0-9564fbbba017,BTFE,BLOOMBERG,PERC,95.487,USD,25000,USD,FULJ ILQD,1
2022-03-01 07:54:31.626000,2022-01-24 08:48:30.196000,US298785JL15,European Investment Bank DL Notes 2021 31 ,224bf37b-271a-4b0e-bf19-e1f41eda4302,BTFE,BLOOMBERG,PERC,95.5889,USD,25000,USD,FULJ ILQD,1
2022-03-01 06:24:42.000000,2022-01-24 08:48:32.544000,US298785JL15,European Investment Bank DL Notes 2021 31 ,'7208235503978573111,TWEA,TRADEWEB APA,PERC,95.5889,,25000,USD,FULJ ILQD,1
2022-03-01 06:32:39.000000,2022-01-24 08:48:32.544000,US298785JL15,European Investment Bank DL Notes 2021 31 ,'7208235503978561806,TREA,TRADEWEB APA,PERC,95.5889,,25000,USD,FULJ ILQD,1
2022-03-01 06:03:41.000000,2022-01-24 09:04:15.473000,US298785JL15,European Investment Bank DL Notes 2021 31 ,'7208235503978547265,TWEM,TRADEWEB,PERC,95.61,USD,50000,USD,FULJ ILQD,1
2022-03-01 07:36:16.872000,2022-01-24 09:19:16.998000,US298785JL15,European Investment Bank DL Notes 2021 31 ,4c0cce8e-40a5-4070-a9ec-a87218d16117,BTFE,BLOOMBERG,PERC,95.783,USD,50000,USD,FULJ ILQD,1
2022-03-01 07:53:51.107000,2022-01-24 09:22:20.663000,US298785JL15,European Investment Bank DL Notes 2021 31 ,7f6dbb53-3125-4502-83ad-87bf78dbdc0c,BTFE,BLOOMBERG,PERC,95.731,USD,75000,USD,FULJ ILQD,1
2022-03-01 06:03:41.000000,2022-01-24 10:20:28.960000,US298785JL15,European Investment Bank DL Notes 2021 31 ,'7208235503978547462,TWEM,TRADEWEB,PERC,95.6287,USD,75000,USD,FULJ ILQD,1
2022-03-01 07:35:57.658000,2022-01-24 11:20:29.278000,US298785JL15,European Investment Bank DL Notes 2021 31 ,c8b95655-dc09-4b15-8714-bfbf67503b73,BTFE,BLOOMBERG,PERC,95.654,USD,100000,USD,FULJ ILQD,1
2022-03-01 07:42:24.890000,2022-01-25 09:00:46.933000,US298785JL15,European Investment Bank DL Notes 2021 31 ,ab46c511-f865-47e1-a550-9ccfc1ec5d31,BTFE,BLOOMBERG,PERC,95.3437,USD,121000,USD,FULJ ILQD,1
2022-03-01 06:33:53.000000,2022-01-25 09:00:50.924000,US298785JL15,European Investment Bank DL Notes 2021 31 ,'7208235503978623138,TREA,TRADEWEB APA,PERC,95.3437,,121000,USD,FULJ ILQD,1
2022-03-01 06:25:08.000000,2022-01-25 09:00:50.924000,US298785JL15,European Investment Bank DL Notes 2021 31 ,'7208235503978594631,TWEA,TRADEWEB APA,PERC,95.3437,,121000,USD,FULJ ILQD,1
2022-01-28 18:32:00.062000,2022-01-26 08:54:40.000000,US298785JL15,European Investment Bank DL Notes 2021 31 ,069591ea-facc-4aea-929a-c5417f778a9f,BAPA,BLOOMBERG APA,PERC,95.1849,USD,1400000,USD,ILQD,1
2022-03-01 08:44:10.050000,2022-01-26 08:54:40.405000,US298785JL15,European Investment Bank DL Notes 2021 31 ,14466685-b6bb-4a9c-b6ed-dc8ec1ff8156,BMTF,BLOOMBERG,PERC,95.1849,USD,1400000,USD,FULJ LRGS,1
2022-03-01 07:44:33.857000,2022-01-26 14:03:12.958000,US298785JL15,European Investment Bank DL Notes 2021 31 ,08c00dad-91d0-470c-893f-3e43363fa983,BTFE,BLOOMBERG,PERC,95.261,USD,25000,USD,FULJ ILQD,1
2022-03-01 07:35:35.426000,2022-01-27 08:41:47.129000,US298785JL15,European Investment Bank DL Notes 2021 31 ,b7d61af3-e077-4449-8fd2-33d450221c23,BTFE,BLOOMBERG,PERC,94.716,USD,400000,USD,FULJ ILQD,1
2022-03-01 06:03:47.000000,2022-01-27 10:23:06.653000,US298785JL15,European Investment Bank DL Notes 2021 31 ,'7208235503978552016,TWEM,TRADEWEB,PERC,94.73,USD,100000,USD,FULJ ILQD,1
2022-03-01 07:32:00.826000,2022-01-27 14:18:46.378000,US298785JL15,European Investment Bank DL Notes 2021 31 ,6948281f-94aa-42dd-88ce-b20d6fa8779b,BTFE,BLOOMBERG,PERC,94.716,USD,75000,USD,FULJ ILQD,1
2022-03-01 07:55:19.235000,2022-01-27 14:25:58.370000,US298785JL15,European Investment Bank DL Notes 2021 31 ,ba2b1698-37d3-42b6-86ee-76e82e5894ec,BTFE,BLOOMBERG,PERC,94.877,USD,25000,USD,FULJ ILQD,1
2022-03-01 07:55:08.100000,2022-01-28 10:40:44.240000,US298785JL15,European Investment Bank DL Notes 2021 31 ,a8619ae1-13e1-4835-97a1-125f600b279f,BTFE,BLOOMBERG,PERC,94.844,USD,100000,USD,FULJ ILQD,1
2022-03-01 07:52:33.545000,2022-01-28 15:31:06.649000,US298785JL15,European Investment Bank DL Notes 2021 31 ,c06fd248-0c27-4517-8577-8a6a2b84caf3,BTFE,BLOOMBERG,PERC,95.1295,USD,72000,USD,FULJ ILQD,1
2022-03-01 06:37:32.000000,2022-01-28 15:31:09.529000,US298785JL15,European Investment Bank DL Notes 2021 31 ,'7208235503978806168,TREA,TRADEWEB APA,PERC,95.1295,,72000,USD,FULJ ILQD,1
2022-03-01 06:26:25.000000,2022-01-28 15:31:09.529000,US298785JL15,European Investment Bank DL Notes 2021 31 ,'7208235503978658845,TWEA,TRADEWEB APA,PERC,95.1295,,72000,USD,FULJ ILQD,1
2022-03-01 07:36:46.788000,2022-01-28 15:36:02.183000,US298785JL15,European Investment Bank DL Notes 2021 31 ,46aed449-89da-4e48-b045-2ad6c3aa0957,BTFE,BLOOMBERG,PERC,95.1336,USD,40000,USD,FULJ ILQD,1
2022-03-01 06:37:32.000000,2022-01-28 15:36:04.800000,US298785JL15,European Investment Bank DL Notes 2021 31 ,'7208235503978806172,TREA,TRADEWEB APA,PERC,95.1336,,40000,USD,FULJ ILQD,1
2022-03-01 06:26:25.000000,2022-01-28 15:36:04.800000,US298785JL15,European Investment Bank DL Notes 2021 31 ,'7208235503978658847,TWEA,TRADEWEB APA,PERC,95.1336,,40000,USD,FULJ ILQD,1
2022-03-08 07:33:21.262000,2022-01-31 11:29:20.729000,US298785JL15,European Investment Bank DL Notes 2021 31 ,e8402f15-2d19-4854-98f1-95f2c0dfa3d9,BTFE,BLOOMBERG,PERC,95.219,USD,148000,USD,FULJ ILQD,1
2022-03-08 07:33:28.275000,2022-01-31 14:03:14.487000,US298785JL15,European Investment Bank DL Notes 2021 31 ,de3d5bc5-b255-49ef-8dd5-e0ab075135f2,BTFE,BLOOMBERG,PERC,95.162,USD,1000,USD,FULJ ILQD,1
2022-03-08 07:30:57.908000,2022-02-01 09:06:25.640000,US298785JL15,European Investment Bank DL Notes 2021 31 ,cb70e827-798f-4fb4-9b7c-3ece5fa31adc,BTFE,BLOOMBERG,PERC,95.363,USD,50000,USD,FULJ ILQD,1
2022-03-08 06:03:47.000000,2022-02-01 09:29:42.654000,US298785JL15,European Investment Bank DL Notes 2021 31 ,'7208243200559943789,TWEM,TRADEWEB,PERC,95.397,USD,150000,USD,FULJ ILQD,1
2022-03-08 07:30:24.292000,2022-02-01 09:43:15.944000,US298785JL15,European Investment Bank DL Notes 2021 31 ,f8c961fa-9060-4988-a802-7055b5e50ae4,BTFE,BLOOMBERG,PERC,95.728,USD,50000,USD,FULJ ILQD,1
2022-03-08 06:20:48.011332,2022-02-01 09:43:22.644000,US298785JL15,European Investment Bank DL Notes 2021 31 ,2203080620480134746,TRAX,TRAX,PERC,95.688,USD,50000,USD,FULJ ILQD,1
2022-03-08 07:39:19.008897,2022-02-01 09:43:22.644000,US298785JL15,European Investment Bank DL Notes 2021 31 ,2203080739190423900,TRAX,TRAX,PERC,95.688,USD,50000,USD,FULJ ILQD,1
2022-03-08 06:02:52.017199,2022-02-01 09:43:22.644000,US298785JL15,European Investment Bank DL Notes 2021 31 ,2203080602520201716,TRNL,TRAX,PERC,95.688,USD,50000,USD,FULJ ILQD,1
2022-03-08 06:03:47.000000,2022-02-01 09:43:45.211000,US298785JL15,European Investment Bank DL Notes 2021 31 ,'7208243200559943908,TWEM,TRADEWEB,PERC,95.41,USD,25000,USD,FULJ ILQD,1
2022-03-08 07:30:19.272000,2022-02-01 09:56:33.860000,US298785JL15,European Investment Bank DL Notes 2021 31 ,f6a0646c-190b-496e-9649-2524be47fb35,BTFE,BLOOMBERG,PERC,95.386,USD,50000,USD,FULJ ILQD,1
2022-03-08 06:03:47.000000,2022-02-01 09:57:37.288000,US298785JL15,European Investment Bank DL Notes 2021 31 ,'7208243200559943963,TWEM,TRADEWEB,PERC,95.385,USD,75000,USD,FULJ ILQD,1
2022-03-08 07:38:05.576000,2022-02-02 10:02:03.047000,US298785JL15,European Investment Bank DL Notes 2021 31 ,e0467772-535a-4bb2-941c-fdad3e99086f,BTFE,BLOOMBERG,PERC,95.111,USD,75000,USD,FULJ ILQD,1
2022-03-08 07:30:54.572000,2022-02-02 11:54:12.922000,US298785JL15,European Investment Bank DL Notes 2021 31 ,b7df4f56-9b2a-453d-a404-aa8241065e78,BTFE,BLOOMBERG,PERC,95.206,USD,105000,USD,FULJ ILQD,1
2022-03-08 06:03:12.009603,2022-02-02 13:02:03.365000,US298785JL15,European Investment Bank DL Notes 2021 31 ,2203080603120499611,TRNL,TRAX,PERC,95.43,USD,50000,USD,FULJ ILQD,1
2022-03-08 07:39:43.981000,2022-02-02 13:02:03.383000,US298785JL15,European Investment Bank DL Notes 2021 31 ,c0552141-0d57-4912-84e7-6502c45aa2e0,BTFE,BLOOMBERG,PERC,95.47,USD,50000,USD,FULJ ILQD,1
2022-03-08 07:36:52.673000,2022-02-02 13:42:01.582000,US298785JL15,European Investment Bank DL Notes 2021 31 ,a30c9e22-1f19-4496-988a-a03beb5e2c83,BTFE,BLOOMBERG,PERC,95.049,USD,300000,USD,FULJ ILQD,1
2022-03-08 06:34:32.010248,2022-02-02 14:16:22.143000,US298785JL15,European Investment Bank DL Notes 2021 31 ,2203080634320407360,TRNL,TRAX,PERC,95.27,USD,75000,USD,FULJ ILQD,1
2022-03-08 07:32:56.642000,2022-02-02 14:16:22.160000,US298785JL15,European Investment Bank DL Notes 2021 31 ,23a36162-8c87-4513-a3f3-55e3fff9fade,BTFE,BLOOMBERG,PERC,95.31,USD,75000,USD,FULJ ILQD,1
2022-03-08 07:32:58.412000,2022-02-02 14:35:08.862000,US298785JL15,European Investment Bank DL Notes 2021 31 ,1e32f525-fafd-4478-a875-df99563cc40d,BTFE,BLOOMBERG,PERC,95.101,USD,75000,USD,FULJ ILQD,1
2022-03-08 06:03:52.000000,2022-02-04 09:36:20.336000,US298785JL15,European Investment Bank DL Notes 2021 31 ,'7208243200559948128,TWEM,TRADEWEB,PERC,94.858,USD,125000,USD,FULJ ILQD,1
2022-03-08 07:34:24.292000,2022-02-04 10:21:35.983000,US298785JL15,European Investment Bank DL Notes 2021 31 ,055e9f5d-d0bd-496c-8e04-e8607b005eb4,BTFE,BLOOMBERG,PERC,94.879,USD,50000,USD,FULJ ILQD,1
2022-03-08 06:03:52.000000,2022-02-04 10:23:13.546000,US298785JL15,European Investment Bank DL Notes 2021 31 ,'7208243200559948269,TWEM,TRADEWEB,PERC,94.873,USD,25000,USD,FULJ ILQD,1
2022-03-08 07:34:57.010000,2022-02-04 11:22:51.130000,US298785JL15,European Investment Bank DL Notes 2021 31 ,edd0beee-ec77-4a84-af84-aec2254cb99d,BTFE,BLOOMBERG,PERC,94.937,USD,75000,USD,FULJ ILQD,1
2022-03-08 06:23:24.000000,2022-02-04 11:36:39.000000,US298785JL15,European Investment Bank DL Notes 2021 31 ,'7208243200560058580,TWEA,TRADEWEB APA,PERC,94.9,USD,26000000,USD,FULJ ILQD SIZE,1
2022-03-08 07:40:58.525000,2022-02-04 13:37:52.554000,US298785JL15,European Investment Bank DL Notes 2021 31 ,3dd7799f-e3c2-425f-9731-e62e211eae00,BTFE,BLOOMBERG,PERC,94.3141,USD,260000,USD,FULJ ILQD,1
2022-03-15 06:03:22.000000,2022-02-07 10:20:54.803000,US298785JL15,European Investment Bank DL Notes 2021 31 ,'7208250897141336318,TWEM,TRADEWEB,PERC,94.082,USD,100000,USD,FULJ ILQD,1
2022-03-15 06:03:22.000000,2022-02-07 10:47:55.130000,US298785JL15,European Investment Bank DL Notes 2021 31 ,'7208250897141336426,TWEM,TRADEWEB,PERC,94.178,USD,250000,USD,FULJ ILQD,1
2022-03-15 06:03:22.000000,2022-02-07 10:49:44.049000,US298785JL15,European Investment Bank DL Notes 2021 31 ,'7208250897141336427,TWEM,TRADEWEB,PERC,94.137,USD,125000,USD,FULJ ILQD,1
2022-03-15 08:00:15.327000,2022-02-07 11:10:25.245000,US298785JL15,European Investment Bank DL Notes 2021 31 ,1c314c68-8e42-4252-b8ca-6881c4746ca5,BTFE,BLOOMBERG,PERC,94.0981,,375000,USD,FULJ ILQD,1
2022-03-15 06:20:26.000000,2022-02-07 11:10:28.455000,US298785JL15,European Investment Bank DL Notes 2021 31 ,'7208250897141355032,TWEA,TRADEWEB APA,PERC,94.0981,,375000,USD,FULJ ILQD,1
2022-03-15 06:38:10.000000,2022-02-07 11:10:28.455000,US298785JL15,European Investment Bank DL Notes 2021 31 ,'7208250897141351883,TREA,TRADEWEB APA,PERC,94.0981,,375000,USD,FULJ ILQD SIZE,1
2022-03-15 07:32:30.434000,2022-02-07 11:26:05.688000,US298785JL15,European Investment Bank DL Notes 2021 31 ,c60ddf20-00b5-477a-91ec-995ec8eb40cc,BTFE,BLOOMBERG,PERC,94.1,,225000,USD,FULJ ILQD,1
2022-03-15 07:44:49.960000,2022-02-07 12:53:52.829000,US298785JL15,European Investment Bank DL Notes 2021 31 ,f0b90de2-65f9-46ff-8951-74aeea333633,BTFE,BLOOMBERG,PERC,94.1023,,75000,USD,FULJ ILQD,1
2022-03-15 07:54:48.517000,2022-02-08 08:27:56.513000,US298785JL15,European Investment Bank DL Notes 2021 31 ,ae8d1020-bc52-4469-94ea-b9e688a68b51,BTFE,BLOOMBERG,PERC,93.833,,60000,USD,FULJ ILQD,1
2022-03-15 07:41:22.846000,2022-02-08 09:22:41.892000,US298785JL15,European Investment Bank DL Notes 2021 31 ,f5ee3ba5-068e-40d5-b731-04e76afb4924,BTFE,BLOOMBERG,PERC,93.978,,50000,USD,FULJ ILQD,1
2022-03-15 06:03:24.000000,2022-02-08 09:27:12.499000,US298785JL15,European Investment Bank DL Notes 2021 31 ,'7208250897141338064,TWEM,TRADEWEB,PERC,93.919,USD,875000,USD,FULJ ILQD,1
2022-03-15 06:03:24.000000,2022-02-08 11:05:02.708000,US298785JL15,European Investment Bank DL Notes 2021 31 ,'7208250897141338472,TWEM,TRADEWEB,PERC,94.019,USD,25000,USD,FULJ ILQD,1
2022-03-15 06:03:24.000000,2022-02-08 11:06:07.603000,US298785JL15,European Investment Bank DL Notes 2021 31 ,'7208250897141338475,TWEM,TRADEWEB,PERC,94.0132,USD,75000,USD,FULJ ILQD,1
2022-03-15 06:20:50.000000,2022-02-08 11:06:10.956000,US298785JL15,European Investment Bank DL Notes 2021 31 ,'7208250897141374709,TWEA,TRADEWEB APA,PERC,94.0132,,75000,USD,FULJ ILQD,1
2022-03-15 06:39:19.000000,2022-02-08 11:06:10.956000,US298785JL15,European Investment Bank DL Notes 2021 31 ,'7208250897141408548,TREA,TRADEWEB APA,PERC,94.0132,,75000,USD,FULJ ILQD,1
2022-03-15 07:46:03.683000,2022-02-08 11:56:47.633000,US298785JL15,European Investment Bank DL Notes 2021 31 ,a015cc27-9526-46bc-b249-364fef4d36fe,BTFE,BLOOMBERG,PERC,93.941,,50000,USD,FULJ ILQD,1
2022-02-10 18:30:38.040000,2022-02-08 15:37:32.000000,US298785JL15,European Investment Bank DL Notes 2021 31 ,d1a32578-16d1-478e-ad80-94057a14d57e,BAPA,BLOOMBERG APA,PERC,93.7104,USD,150000,USD,ILQD,1
2022-03-15 06:40:44.000000,2022-02-09 15:49:22.000000,US298785JL15,European Investment Bank DL Notes 2021 31 ,'7208250897141479793,TREA,TRADEWEB APA,PERC,94.008,USD,250000,USD,FULJ ILQD,1
2022-03-15 07:58:55.129000,2022-02-10 09:13:45.848000,US298785JL15,European Investment Bank DL Notes 2021 31 ,87a0a60d-468e-4112-9f74-bba42118c0de,BTFE,BLOOMBERG,PERC,93.971,,75000,USD,FULJ ILQD,1
2022-03-15 06:03:28.000000,2022-02-10 10:19:34.910000,US298785JL15,European Investment Bank DL Notes 2021 31 ,'7208250897141341703,TWEM,TRADEWEB,PERC,93.989,USD,50000,USD,FULJ ILQD,1
2022-03-15 07:59:03.826000,2022-02-10 10:20:24.326000,US298785JL15,European Investment Bank DL Notes 2021 31 ,87bd99aa-e0ef-422d-836c-ad2e26d825c2,BTFE,BLOOMBERG,PERC,93.959,,25000,USD,FULJ ILQD,1
2022-03-15 07:59:12.757000,2022-02-10 10:21:33.654000,US298785JL15,European Investment Bank DL Notes 2021 31 ,9a53a5cd-db13-4964-be48-3b441177a557,BTFE,BLOOMBERG,PERC,93.9516,,150000,USD,FULJ ILQD,1
2022-03-15 06:03:28.000000,2022-02-10 10:22:37.663000,US298785JL15,European Investment Bank DL Notes 2021 31 ,'7208250897141341708,TWEM,TRADEWEB,PERC,94.001,USD,175000,USD,FULJ ILQD,1
2022-03-15 06:03:28.000000,2022-02-10 11:43:50.280000,US298785JL15,European Investment Bank DL Notes 2021 31 ,'7208250897141341961,TWEM,TRADEWEB,PERC,93.968,USD,25000,USD,FULJ ILQD,1
2022-03-15 07:52:18.971000,2022-02-10 12:48:02.164000,US298785JL15,European Investment Bank DL Notes 2021 31 ,ab201bab-5ee8-4ad1-afa6-734cc943ed4a,BTFE,BLOOMBERG,PERC,94.0202,,75000,USD,FULJ ILQD,1
2022-02-14 16:30:48.148000,2022-02-10 15:41:34.000000,US298785JL15,European Investment Bank DL Notes 2021 31 ,d2d0e23f-efcd-4e01-9db6-15c829a23e7e,BAPE,BLOOMBERG APA,PERC,93.4712,USD,150000,USD,ILQD,1
2022-03-15 06:40:38.005764,2022-02-10 17:14:36.000000,US298785JL15,European Investment Bank DL Notes 2021 31 ,2203150640380111534,TRAX,TRAX,PERC,93.22,USD,5000000,USD,ILQD LRGS,1
2022-03-15 06:03:30.000000,2022-02-11 10:03:56.320000,US298785JL15,European Investment Bank DL Notes 2021 31 ,'7208250897141343270,TWEM,TRADEWEB,PERC,93.408,USD,25000,USD,FULJ ILQD,1
2022-03-15 07:39:48.268000,2022-02-11 10:10:15.188000,US298785JL15,European Investment Bank DL Notes 2021 31 ,20124c24-4474-4173-b91f-91af1cd6c754,BTFE,BLOOMBERG,PERC,93.347,,100000,USD,FULJ ILQD,1
2022-03-15 07:51:30.186000,2022-02-11 10:41:01.923000,US298785JL15,European Investment Bank DL Notes 2021 31 ,82103f3a-4070-488e-b770-fffdadf55888,BTFE,BLOOMBERG,PERC,93.388,,75000,USD,FULJ ILQD,1
2022-03-15 06:03:30.000000,2022-02-11 10:48:50.896000,US298785JL15,European Investment Bank DL Notes 2021 31 ,'7208250897141343407,TWEM,TRADEWEB,PERC,93.463,USD,75000,USD,FULJ ILQD,1
2022-03-15 06:03:30.000000,2022-02-11 10:57:36.681000,US298785JL15,European Investment Bank DL Notes 2021 31 ,'7208250897141343424,TWEM,TRADEWEB,PERC,93.465,USD,50000,USD,FULJ ILQD,1
2022-03-15 07:49:21.086000,2022-02-11 12:59:00.734000,US298785JL15,European Investment Bank DL Notes 2021 31 ,41345403-6a89-46a1-b2c8-3d9336c46004,BTFE,BLOOMBERG,PERC,93.449,,25000,USD,FULJ ILQD,1
2022-02-15 18:31:16.140000,2022-02-11 13:21:14.000000,US298785JL15,European Investment Bank DL Notes 2021 31 ,a278f655-4f0d-4d87-9600-8484fd1baf95,BAPA,BLOOMBERG APA,PERC,93.3001,USD,425000,USD,LRGS,1
2022-03-15 06:03:30.000000,2022-02-11 13:21:14.260000,US298785JL15,European Investment Bank DL Notes 2021 31 ,'7208250897141343780,TWEM,TRADEWEB,PERC,93.3001,USD,425000,USD,FULJ ILQD,1
2022-03-22 06:30:01.000000,2022-02-14 07:53:51.908000,US298785JL15,European Investment Bank DL Notes 2021 31 ,'7208258593722755633,TREA,TRADEWEB APA,PERC,93.77,USD,5000000,USD,FULJ ILQD SIZE,1
2022-02-16 18:31:40.869000,2022-02-14 08:48:24.000000,US298785JL15,European Investment Bank DL Notes 2021 31 ,04b89d38-f0ba-413d-be87-239eba7b06de,BAPA,BLOOMBERG APA,PERC,93.9175,USD,5000,USD,ILQD,1
2022-03-22 07:50:38.899000,2022-02-14 08:48:24.369000,US298785JL15,European Investment Bank DL Notes 2021 31 ,39f3932a-7bc2-48e4-bd19-b22ece67aaee,BTFE,BLOOMBERG,PERC,93.9175,,5000,USD,FULJ ILQD,1
2022-03-22 07:31:52.245000,2022-02-14 09:13:14.526000,US298785JL15,European Investment Bank DL Notes 2021 31 ,56bb948b-f358-4a88-8b20-b7ee177da642,BTFE,BLOOMBERG,PERC,93.9812,,25000,USD,FULJ ILQD,1
2022-03-22 06:03:27.000000,2022-02-14 09:22:56.885000,US298785JL15,European Investment Bank DL Notes 2021 31 ,'7208258593722730489,TWEM,TRADEWEB,PERC,94.052,USD,25000,USD,FULJ ILQD,1
2022-03-22 08:22:52.005747,2022-02-14 10:12:43.259000,US298785JL15,European Investment Bank DL Notes 2021 31 ,2203220822520400780,TRNL,TRAX,PERC,94.31,USD,100000,USD,ILQD,1
2022-03-22 07:54:38.652000,2022-02-14 10:12:43.299000,US298785JL15,European Investment Bank DL Notes 2021 31 ,d4049590-a5fb-41d7-98d2-250388b827fd,BTFE,BLOOMBERG,PERC,94.357,,125000,USD,FULJ ILQD,1
2022-03-22 07:42:08.831000,2022-02-14 11:47:10.781000,US298785JL15,European Investment Bank DL Notes 2021 31 ,a09b1858-99f1-4160-a6be-4ed75b33170a,BTFE,BLOOMBERG,PERC,93.874,,50000,USD,FULJ ILQD,1
2022-03-22 07:33:06.162000,2022-02-14 12:53:51.274000,US298785JL15,European Investment Bank DL Notes 2021 31 ,cd33bea8-e59e-4320-82ec-01cba5dc30c1,BTFE,BLOOMBERG,PERC,93.7348,,275000,USD,FULJ ILQD,1
2022-03-22 07:51:34.838000,2022-02-14 13:48:57.378000,US298785JL15,European Investment Bank DL Notes 2021 31 ,b9c7c9a2-4f86-4dd5-bdf1-994c137b4d1a,BTFE,BLOOMBERG,PERC,93.783,,50000,USD,FULJ ILQD,1
2022-03-22 07:42:09.364000,2022-02-14 14:24:54.723000,US298785JL15,European Investment Bank DL Notes 2021 31 ,a089c1cc-57c3-478c-8a94-5ee0a601ea23,BTFE,BLOOMBERG,PERC,93.462,,215000,USD,FULJ ILQD,1
2022-03-22 07:42:14.905000,2022-02-15 08:55:26.370000,US298785JL15,European Investment Bank DL Notes 2021 31 ,9f44db0b-f1d9-4701-9e11-272346627b96,BTFE,BLOOMBERG,PERC,93.234,,42000,USD,FULJ ILQD,1
2022-03-22 06:31:30.000000,2022-02-15 11:27:16.195000,US298785JL15,European Investment Bank DL Notes 2021 31 ,'7208258593722829625,TREA,TRADEWEB APA,PERC,92.987,USD,350000,USD,FULJ ILQD SIZE,1
2022-03-22 06:31:18.000000,2022-02-15 14:50:33.000000,US298785JL15,European Investment Bank DL Notes 2021 31 ,'7208258593722820189,TREA,TRADEWEB APA,PERC,93.046,USD,250000,USD,FULJ ILQD,1
2022-03-22 06:32:46.000000,2022-02-16 09:36:19.281000,US298785JL15,European Investment Bank DL Notes 2021 31 ,'7208258593722892827,TREA,TRADEWEB APA,PERC,92.992,USD,1947000,USD,FULJ ILQD SIZE,1
2022-03-22 06:32:21.000000,2022-02-16 09:40:33.422000,US298785JL15,European Investment Bank DL Notes 2021 31 ,'7208258593722872533,TREA,TRADEWEB APA,PERC,92.992,,8742000,USD,FULJ ILQD SIZE,1
2022-03-22 07:50:26.838000,2022-02-17 16:30:32.720000,US298785JL15,European Investment Bank DL Notes 2021 31 ,1a5219e0-9f73-4d72-b825-74415c3b7d1d,BTFE,BLOOMBERG,PERC,93.595,,26000,USD,FULJ ILQD,1
2022-03-22 07:53:16.753000,2022-02-18 09:40:32.095000,US298785JL15,European Investment Bank DL Notes 2021 31 ,6094e9e1-07c2-4af4-8de9-eaa3cf5bb90f,BTFE,BLOOMBERG,PERC,93.7018,,376000,USD,FULJ ILQD,1
2022-02-23 18:31:28.909000,2022-02-21 09:29:51.000000,US298785JL15,European Investment Bank DL Notes 2021 31 ,79354951-69b4-4a5d-8c94-7659dd0081c9,BAPA,BLOOMBERG APA,PERC,94.0308,USD,70000,USD,ILQD,1
2022-02-23 16:31:35.595000,2022-02-21 09:29:51.000000,US298785JL15,European Investment Bank DL Notes 2021 31 ,baec986a-f33f-401d-8ef8-0229c18b72bd,BAPE,BLOOMBERG APA,PERC,94.0308,USD,70000,USD,ILQD,1
2022-03-29 06:25:20.007020,2022-02-21 14:05:05.124000,US298785JL15,European Investment Bank DL Notes 2021 31 ,2203290725200302030,TRNL,TRAX,PERC,94.97,USD,75000,USD,FULJ ILQD,1
2022-03-29 07:32:53.546000,2022-02-21 14:05:05.137000,US298785JL15,European Investment Bank DL Notes 2021 31 ,1481a032-5a54-4641-9fa6-59dc7d945530,BTFE,BLOOMBERG,PERC,95.015,,75000,USD,FULJ ILQD,1
2022-03-29 05:03:56.000000,2022-02-22 08:58:07.539000,US298785JL15,European Investment Bank DL Notes 2021 31 ,'7208266290304126143,TWEM,TRADEWEB,PERC,94.17,USD,150000,USD,FULJ ILQD,1
2022-03-29 05:03:56.000000,2022-02-22 09:08:40.930000,US298785JL15,European Investment Bank DL Notes 2021 31 ,'7208266290304126191,TWEM,TRADEWEB,PERC,94.252,USD,50000,USD,FULJ ILQD,1
2022-03-29 07:32:54.815000,2022-02-22 09:13:34.516000,US298785JL15,European Investment Bank DL Notes 2021 31 ,15170fd8-a6a3-4cfe-a10f-7d63a545a6dc,BTFE,BLOOMBERG,PERC,94.197,,60000,USD,FULJ ILQD,1
2022-03-29 05:03:56.000000,2022-02-22 09:23:04.017000,US298785JL15,European Investment Bank DL Notes 2021 31 ,'7208266290304126257,TWEM,TRADEWEB,PERC,94.184,USD,150000,USD,FULJ ILQD,1
2022-03-29 07:37:46.856000,2022-02-22 09:33:46.680000,US298785JL15,European Investment Bank DL Notes 2021 31 ,0033cfe4-2116-4c63-8f37-aa4f0bff56fa,BTFE,BLOOMBERG,PERC,94.1231,,60000,USD,FULJ ILQD,1
2022-03-29 05:03:56.000000,2022-02-22 10:44:19.659000,US298785JL15,European Investment Bank DL Notes 2021 31 ,'7208266290304126487,TWEM,TRADEWEB,PERC,94.006,USD,25000,USD,FULJ ILQD,1
2022-03-29 05:34:25.000000,2022-02-22 14:16:10.113000,US298785JL15,European Investment Bank DL Notes 2021 31 ,'7208266290304238324,TREA,TRADEWEB APA,PERC,93.805,USD,250000,USD,FULJ ILQD,1
2022-03-29 07:01:26.006616,2022-02-22 14:21:17.418000,US298785JL15,European Investment Bank DL Notes 2021 31 ,2203290801260267908,TRNL,TRAX,PERC,94.08,USD,25000,USD,FULJ ILQD,1
2022-03-29 07:35:29.088000,2022-02-22 14:21:17.446000,US298785JL15,European Investment Bank DL Notes 2021 31 ,a8ea4f78-129a-4226-9c07-2d7d1969de24,BTFE,BLOOMBERG,PERC,94.125,,25000,USD,FULJ ILQD,1
2022-03-29 08:32:22.637000,2022-02-22 15:02:31.561000,US298785JL15,European Investment Bank DL Notes 2021 31 ,6e2e59af-30ef-43fd-b385-06796edbe0cb,BAPA,BLOOMBERG APA,PERC,93.732,,250000,USD,FULJ ILQD,1
2022-03-29 07:41:45.802000,2022-02-23 09:13:04.653000,US298785JL15,European Investment Bank DL Notes 2021 31 ,b2ca9edc-ad8b-4235-8228-737c7da5c741,BTFE,BLOOMBERG,PERC,93.5306,,200000,USD,FULJ ILQD,1
2022-03-29 07:44:01.630000,2022-02-23 10:20:04.590000,US298785JL15,European Investment Bank DL Notes 2021 31 ,b906ed04-856f-458c-a435-1917dfcc123b,BTFE,BLOOMBERG,PERC,93.6264,,200000,USD,FULJ ILQD,1
2022-02-25 18:31:44.027000,2022-02-23 15:29:05.155000,US298785JL15,European Investment Bank DL Notes 2021 31 ,b31a0be3-95df-4ec3-a695-1ee64b23abc5,BAPA,BLOOMBERG APA,PERC,93.562,USD,1100000,USD,AMND ILQD,1
2022-02-25 16:31:29.262000,2022-02-23 15:52:57.000000,US298785JL15,European Investment Bank DL Notes 2021 31 ,b7016278-d1de-4355-983d-14934e8556e0,BAPE,BLOOMBERG APA,PERC,93.6127,USD,250000,USD,ILQD,1
2022-03-29 06:41:57.007150,2022-02-24 15:32:02.000000,US298785JL15,European Investment Bank DL Notes 2021 31 ,2203290741570418437,TRNL,TRAX,PERC,94.55,USD,10000,USD,FULJ ILQD,1
2022-03-29 07:39:29.780000,2022-02-25 08:03:39.346000,US298785JL15,European Investment Bank DL Notes 2021 31 ,3660a63d-c2ea-4e27-829a-ae7b3ce1e3e3,BTFE,BLOOMBERG,PERC,93.7322,,72000,USD,FULJ ILQD,1
2022-03-29 05:21:11.000000,2022-02-25 08:03:42.683000,US298785JL15,European Investment Bank DL Notes 2021 31 ,'7208266290304227591,TWEA,TRADEWEB APA,PERC,93.7322,,72000,USD,FULJ ILQD,1
2022-03-29 05:37:08.000000,2022-02-25 08:03:42.683000,US298785JL15,European Investment Bank DL Notes 2021 31 ,'7208266290304374619,TREA,TRADEWEB APA,PERC,93.7322,,72000,USD,FULJ ILQD,1
2022-03-29 05:04:02.000000,2022-02-25 11:24:17.057000,US298785JL15,European Investment Bank DL Notes 2021 31 ,'7208266290304130980,TWEM,TRADEWEB,PERC,93.778,USD,3000,USD,FULJ ILQD,1
2022-04-05 07:35:44.329000,2022-02-28 10:02:47.217000,US298785JL15,European Investment Bank DL Notes 2021 31 ,ec7b8bee-c53c-47bb-a2d6-52b87fd734f1,BTFE,BLOOMBERG,PERC,94.002,,50000,USD,FULJ ILQD,1
2022-04-05 08:31:35.728000,2022-02-28 12:42:23.338000,US298785JL15,European Investment Bank DL Notes 2021 31 ,83bb0508-95f0-4892-8720-ed884bd53f76,BMTF,BLOOMBERG,PERC,93.859,,2000000,USD,FULJ LRGS,1
2022-04-05 05:03:31.000000,2022-02-28 13:49:57.881000,US298785JL15,European Investment Bank DL Notes 2021 31 ,'7208273986885520417,TWEM,TRADEWEB,PERC,94.1385,USD,20000,USD,FULJ ILQD,1
2022-04-05 08:36:33.839000,2022-02-28 15:33:09.777000,US298785JL15,European Investment Bank DL Notes 2021 31 ,c8e6f23d-830a-4eda-9635-724be0b38cc8,BAPA,BLOOMBERG APA,PERC,94.285,,40000,USD,FULJ ILQD,1
2022-04-05 05:03:33.000000,2022-03-01 10:45:49.074000,US298785JL15,European Investment Bank DL Notes 2021 31 ,'7208273986885521408,TWEM,TRADEWEB,PERC,95.068,USD,75000,USD,FULJ ILQD,1
2022-04-05 05:03:34.000000,2022-03-02 09:10:01.308000,US298785JL15,European Investment Bank DL Notes 2021 31 ,'7208273986885522500,TWEM,TRADEWEB,PERC,95.337,USD,125000,USD,FULJ ILQD,1
2022-04-05 07:42:38.965000,2022-03-02 09:10:18.948000,US298785JL15,European Investment Bank DL Notes 2021 31 ,7ebed350-a053-45a4-95b9-b1c3e7a1f703,BTFE,BLOOMBERG,PERC,95.408,,125000,USD,FULJ ILQD,1
2022-04-05 05:03:34.000000,2022-03-02 09:54:09.891000,US298785JL15,European Investment Bank DL Notes 2021 31 ,'7208273986885522622,TWEM,TRADEWEB,PERC,95.35,USD,25000,USD,FULJ ILQD,1
2022-04-05 05:03:34.000000,2022-03-02 10:15:31.427000,US298785JL15,European Investment Bank DL Notes 2021 31 ,'7208273986885522677,TWEM,TRADEWEB,PERC,95.2459,USD,200000,USD,FULJ ILQD,1
2022-03-04 18:32:32.108000,2022-03-02 10:31:01.000000,US298785JL15,European Investment Bank DL Notes 2021 31 ,6507819b-e754-4b1e-b54e-34bc8a171703,BAPA,BLOOMBERG APA,PERC,95.3294,USD,900000,USD,ILQD,1
2022-04-05 07:41:54.630000,2022-03-02 10:31:01.760000,US298785JL15,European Investment Bank DL Notes 2021 31 ,001e7fa9-e5b6-4890-bffb-50bcb0505358,BTFE,BLOOMBERG,PERC,95.3294,,900000,USD,FULJ ILQD,1
2022-04-05 08:27:11.011069,2022-03-02 13:28:27.863000,US298785JL15,European Investment Bank DL Notes 2021 31 ,2204050927110295685,TRNL,TRAX,PERC,95.27,USD,25000,USD,ILQD,1
2022-04-05 07:35:18.540000,2022-03-02 13:28:27.891000,US298785JL15,European Investment Bank DL Notes 2021 31 ,f1810a14-8f43-48ba-a32d-1e6237723877,BTFE,BLOOMBERG,PERC,95.315,,25000,USD,FULJ ILQD,1
2022-04-05 07:20:43.004902,2022-03-02 14:16:51.608000,US298785JL15,European Investment Bank DL Notes 2021 31 ,2204050820430499744,MAEL,MARKETAXESS,PERC,94.9,USD,4000000,USD,ILQD LRGS,1
2022-04-05 07:41:28.648000,2022-03-02 15:26:08.921000,US298785JL15,European Investment Bank DL Notes 2021 31 ,bc73e8e1-1913-41e1-a725-04ea13473ff3,BTFE,BLOOMBERG,PERC,95.245,,125000,USD,FULJ ILQD,1
2022-04-05 07:37:03.363000,2022-03-02 15:28:02.653000,US298785JL15,European Investment Bank DL Notes 2021 31 ,0a9eb577-029a-4943-9996-62fa8bb22a6c,BTFE,BLOOMBERG,PERC,94.969,,112000,USD,FULJ ILQD,1
2022-04-05 07:35:36.081000,2022-03-03 10:32:11.763000,US298785JL15,European Investment Bank DL Notes 2021 31 ,ddbd488c-cbd9-433f-aeab-e676b3e6d886,BTFE,BLOOMBERG,PERC,94.386,,50000,USD,FULJ ILQD,1
2022-04-05 07:31:43.958000,2022-03-03 14:07:42.793000,US298785JL15,European Investment Bank DL Notes 2021 31 ,97b91868-d369-4fa9-8332-6007947b4dd4,BTFE,BLOOMBERG,PERC,94.293,,10000,USD,FULJ ILQD,1
2022-04-05 07:39:22.797000,2022-03-03 15:42:20.004000,US298785JL15,European Investment Bank DL Notes 2021 31 ,79ea565a-311b-4623-8b4d-4fe908abb7da,BTFE,BLOOMBERG,PERC,94.372,,5000,USD,FULJ ILQD,1
2022-04-12 05:30:13.000000,2022-03-08 12:26:06.000000,US298785JL15,European Investment Bank DL Notes 2021 31 ,'7208281683467004792,TREA,TRADEWEB APA,PERC,94.411,USD,1000000,USD,FULJ ILQD SIZE,1
2022-04-12 05:56:40.015131,2022-03-08 13:21:38.000000,US298785JL15,European Investment Bank DL Notes 2021 31 ,2204120656400449547,TCDS,TRADITION,PERC,94.53,USD,1000000,USD,FULJ ILQD LRGS,1
2022-04-12 06:51:36.006046,2022-03-08 13:21:38.000000,US298785JL15,European Investment Bank DL Notes 2021 31 ,2204120751360280516,TCDS,TRADITION,PERC,94.58,USD,1000000,USD,FULJ ILQD LRGS,1
2022-04-12 05:03:29.000000,2022-03-09 10:24:27.268000,US298785JL15,European Investment Bank DL Notes 2021 31 ,'7208281683466917243,TWEM,TRADEWEB,PERC,94.04,USD,6000,USD,FULJ ILQD,1
2022-04-12 05:32:43.000000,2022-03-09 14:37:28.575000,US298785JL15,European Investment Bank DL Notes 2021 31 ,'7208281683467130133,TREA,TRADEWEB APA,PERC,94.004,USD,250000,USD,FULJ ILQD,1
2022-04-12 05:33:00.000000,2022-03-10 15:24:00.000000,US298785JL15,European Investment Bank DL Notes 2021 31 ,'7208281683467144083,TREA,TRADEWEB APA,PERC,93.291,USD,250000,USD,FULJ ILQD,1
2022-04-12 07:40:38.422000,2022-03-11 09:34:19.469000,US298785JL15,European Investment Bank DL Notes 2021 31 ,382fdd15-31d7-41e3-9c35-0c69342226c7,BTFE,BLOOMBERG,PERC,93.263,,25000000,USD,FULJ LRGS,1
2022-04-12 07:37:05.050000,2022-03-11 12:56:33.838000,US298785JL15,European Investment Bank DL Notes 2021 31 ,59145db4-8a12-47b6-b15a-bf0008137802,BTFE,BLOOMBERG,PERC,93.22,,1000000,USD,FULJ ILQD,1
2022-04-12 07:36:20.190000,2022-03-11 12:56:35.747000,US298785JL15,European Investment Bank DL Notes 2021 31 ,addd7e3b-3c5b-453b-885a-277d5ea3d223,BTFE,BLOOMBERG,PERC,93.359,,1000000,USD,FULJ ILQD,1
2022-04-19 07:47:23.480000,2022-03-14 12:44:36.541000,US298785JL15,European Investment Bank DL Notes 2021 31 ,d1907e12-ad90-44dc-942a-d99dfb1b1b2b,BTFE,BLOOMBERG,PERC,92.631,,75000,USD,FULJ ILQD,1
2022-04-19 07:38:40.352000,2022-03-14 12:53:07.612000,US298785JL15,European Investment Bank DL Notes 2021 31 ,dc0d5044-69eb-4179-b703-e3abfebb09ae,BTFE,BLOOMBERG,PERC,92.648,,125000,USD,FULJ ILQD,1
2022-04-19 07:40:58.852000,2022-03-14 12:54:36.130000,US298785JL15,European Investment Bank DL Notes 2021 31 ,8845fdc2-dbac-4b03-b0ed-779d5c126554,BTFE,BLOOMBERG,PERC,92.634,,75000,USD,FULJ ILQD,1
2022-04-19 07:42:55.846000,2022-03-14 12:58:11.531000,US298785JL15,European Investment Bank DL Notes 2021 31 ,c38c4f60-bcf3-4c2a-9bd1-6f17d0937c6f,BTFE,BLOOMBERG,PERC,92.617,,25000,USD,FULJ ILQD,1
2022-04-19 07:33:56.261000,2022-03-14 13:07:03.533000,US298785JL15,European Investment Bank DL Notes 2021 31 ,0cb9f449-2bc4-4f34-81d3-d98895eb6731,BTFE,BLOOMBERG,PERC,92.617,,75000,USD,FULJ ILQD,1
2022-04-19 07:40:19.027000,2022-03-14 16:47:24.211000,US298785JL15,European Investment Bank DL Notes 2021 31 ,574f678e-6c72-45fb-a799-cb1904993cca,BTFE,BLOOMBERG,PERC,92.31,,725000,USD,FULJ ILQD,1
2022-04-19 05:27:23.000000,2022-03-15 10:51:48.690000,US298785JL15,European Investment Bank DL Notes 2021 31 ,'7208289380048391083,TREA,TRADEWEB APA,PERC,92.401,USD,4000000,USD,FULJ ILQD SIZE,1
2022-04-19 07:33:28.242000,2022-03-16 14:16:07.116000,US298785JL15,European Investment Bank DL Notes 2021 31 ,0897e0fa-707d-44ab-aff5-7fb67baf8d1f,BTFE,BLOOMBERG,PERC,92.085,,20000,USD,FULJ ILQD,1
2022-04-19 07:34:57.705000,2022-03-16 14:17:12.332000,US298785JL15,European Investment Bank DL Notes 2021 31 ,e6f7ab8d-14f0-4481-9538-429df37c1d3d,BTFE,BLOOMBERG,PERC,91.959,,20000,USD,FULJ ILQD,1
2022-04-19 07:40:40.939000,2022-03-16 14:26:53.032000,US298785JL15,European Investment Bank DL Notes 2021 31 ,026c08ea-bd34-42b5-80cf-d8884abea9f4,BTFE,BLOOMBERG,PERC,92.036,,50000,USD,FULJ ILQD,1
2022-04-19 07:46:05.578000,2022-03-18 11:43:56.413000,US298785JL15,European Investment Bank DL Notes 2021 31 ,46749774-83fa-49f0-a704-a41b3503fc20,BTFE,BLOOMBERG,PERC,92.3,,25000,USD,FULJ ILQD,1
2022-04-19 05:03:28.000000,2022-03-18 13:30:01.429000,US298785JL15,European Investment Bank DL Notes 2021 31 ,'7208289380048320042,TREU,TRADEWEB,PERC,91.872,USD,4000000,USD,FULJ ILQD SIZE,1
2022-03-22 16:30:41.400000,2022-03-18 14:45:26.000000,US298785JL15,European Investment Bank DL Notes 2021 31 ,7de30d04-72cb-40db-8c53-c16ee97d5f7a,BAPE,BLOOMBERG APA,PERC,92.1019,,100000,USD,ILQD,1
2022-04-26 06:50:59.927000,2022-03-21 13:50:05.213000,US298785JL15,European Investment Bank DL Notes 2021 31 ,0b8b82db-c9e9-4b0a-93a6-8ee94fb92f8a,BTFE,BLOOMBERG,PERC,91.543,,50000,USD,FULJ ILQD,1
2022-04-26 07:38:55.582000,2022-03-21 14:46:18.678000,US298785JL15,European Investment Bank DL Notes 2021 31 ,2adbe28f-8af0-4b1e-9888-d2c8739c139e,BAPA,BLOOMBERG APA,PERC,91.371,,409000,USD,FULJ LRGS,1
2022-04-26 06:52:40.309000,2022-03-22 08:33:07.289000,US298785JL15,European Investment Bank DL Notes 2021 31 ,1c4326b1-f394-4ba6-8835-145028c2408c,BTFE,BLOOMBERG,PERC,90.527,,9000000,USD,FULJ SIZE,1
2022-04-26 06:41:13.433000,2022-03-23 09:21:00.797000,US298785JL15,European Investment Bank DL Notes 2021 31 ,e1f24bae-99b4-4f6a-be8e-c0dba64265b9,BTFE,BLOOMBERG,PERC,90.395,,40000,USD,FULJ ILQD,1
2022-04-26 06:49:30.549000,2022-03-23 11:21:20.124000,US298785JL15,European Investment Bank DL Notes 2021 31 ,faf94dd2-4406-4985-b616-5afa89fca090,BTFE,BLOOMBERG,PERC,90.2,,5635000,USD,FULJ ILQD,1
2022-04-26 06:47:41.241000,2022-03-23 13:13:01.491000,US298785JL15,European Investment Bank DL Notes 2021 31 ,11b63115-4180-4fd6-800d-f715d5922a1f,BTFE,BLOOMBERG,PERC,90.368,,65000,USD,FULJ ILQD,1
2022-04-26 05:33:12.000000,2022-03-23 13:56:34.586000,US298785JL15,European Investment Bank DL Notes 2021 31 ,'7208297076629842669,TREA,TRADEWEB APA,PERC,90.444,USD,300000,USD,FULJ ILQD,1
2022-03-25 16:30:51.341000,2022-03-23 13:57:30.000000,US298785JL15,European Investment Bank DL Notes 2021 31 ,b29e9064-91ea-4141-adcc-8578970744df,BAPE,BLOOMBERG APA,PERC,90.533,,445000,USD,ILQD,1
2022-04-26 07:45:33.736000,2022-03-24 12:34:34.244000,US298785JL15,European Investment Bank DL Notes 2021 31 ,03976736-ddb8-4e8c-a693-36e3b37c2241,BAPA,BLOOMBERG APA,PERC,90.3,,2000000,USD,FULJ LRGS,1
2022-04-26 05:34:01.000000,2022-03-24 13:57:03.000000,US298785JL15,European Investment Bank DL Notes 2021 31 ,'7208297076629883237,TREA,TRADEWEB APA,PERC,90.296,USD,150000,USD,FULJ ILQD,1
2022-04-26 05:21:24.104880,2022-03-24 16:37:02.347000,US298785JL15,European Investment Bank DL Notes 2021 31 ,2204260621240379351,MAEL,MARKETAXESS,PERC,90.483,USD,13390000,USD,ILQD LRGS TPAC,1
2022-04-26 06:38:40.243000,2022-03-25 10:36:14.750000,US298785JL15,European Investment Bank DL Notes 2021 31 ,c43e3ebe-5bd0-423d-ac87-50d30414f4d6,BTFE,BLOOMBERG,PERC,90.423,,5000,USD,FULJ ILQD,1
2022-05-03 05:34:20.000000,2022-03-28 13:45:41.000000,US298785JL15,European Investment Bank DL Notes 2021 31 ,'7208304773211116562,TREA,TRADEWEB APA,PERC,89.637,USD,550000,USD,FULJ ILQD SIZE,1
2022-05-03 06:49:05.583000,2022-03-28 14:25:48.902000,US298785JL15,European Investment Bank DL Notes 2021 31 ,e6bfef17-8027-4bc8-ad12-74f578107afa,BTFE,BLOOMBERG,PERC,89.772,,733000,USD,FULJ ILQD,1
2022-04-01 17:31:45.853000,2022-03-30 15:26:58.706000,US298785JL15,European Investment Bank DL Notes 2021 31 ,0483ee09-a6dc-480a-946d-a6eb1ba37bf1,BAPA,BLOOMBERG APA,PERC,90.3,,3000000,USD,LRGS,1
2022-05-03 06:49:37.740000,2022-03-31 08:53:51.991000,US298785JL15,European Investment Bank DL Notes 2021 31 ,9fc50169-4741-4825-88b3-e10519d432da,BTFE,BLOOMBERG,PERC,90.654,,60000,USD,FULJ ILQD,1
2022-05-03 06:50:31.567000,2022-03-31 09:56:58.482000,US298785JL15,European Investment Bank DL Notes 2021 31 ,a2278e67-905c-4e91-944a-84ea78f89f34,BTFE,BLOOMBERG,PERC,90.682,,34000,USD,FULJ ILQD,1
2022-04-04 15:32:26.852000,2022-03-31 13:43:55.000000,US298785JL15,European Investment Bank DL Notes 2021 31 ,62c7990c-f7f6-408f-8e42-1b34186b8a7b,BAPE,BLOOMBERG APA,PERC,90.6047,,200000,USD,ILQD,1
2022-05-03 05:37:43.000000,2022-03-31 15:45:03.594000,US298785JL15,European Investment Bank DL Notes 2021 31 ,'7208304773211285404,TREA,TRADEWEB APA,PERC,90.636,USD,1500000,USD,FULJ ILQD SIZE,1
2022-04-04 17:30:18.901000,2022-03-31 16:26:08.426000,US298785JL15,European Investment Bank DL Notes 2021 31 ,e5fb8af4-fdf8-44a5-9756-99eb88873b29,BAPA,BLOOMBERG APA,PERC,90.673,,204000,USD,ILQD,1
2022-05-03 05:38:53.000000,2022-03-31 20:01:53.579000,US298785JL15,European Investment Bank DL Notes 2021 31 ,'7208304773211343821,TREA,TRADEWEB APA,PERC,90.568,USD,5500000,USD,FULJ ILQD SIZE,1
2022-05-03 06:56:42.542000,2022-04-01 09:10:49.452000,US298785JL15,European Investment Bank DL Notes 2021 31 ,f89b893f-f36b-4ccf-b2ab-ab85bb42f930,BTFE,BLOOMBERG,PERC,90.093,,60000,USD,FULJ ILQD,1
2022-05-10 06:44:37.464000,2022-04-04 08:27:32.413000,US298785JL15,European Investment Bank DL Notes 2021 31 ,cb40985c-a0d9-4267-8914-7f30f1f3cca5,BTFE,BLOOMBERG,PERC,90.21,,25000,USD,FULJ ILQD,1
2022-04-06 17:31:19.849000,2022-04-04 08:27:32.413000,US298785JL15,European Investment Bank DL Notes 2021 31 ,4ba72051-7a0b-467a-a643-b5099ddbbb87,BAPA,BLOOMBERG APA,PERC,90.21,,25000,USD,ILQD,1
2022-04-06 17:31:14.036000,2022-04-04 13:19:11.000000,US298785JL15,European Investment Bank DL Notes 2021 31 ,3f0efcd8-bf36-4207-8079-c5390628f01f,BAPA,BLOOMBERG APA,PERC,90.2232,,210000,USD,ILQD,1
2022-05-10 07:40:59.204000,2022-04-04 13:19:11.263000,US298785JL15,European Investment Bank DL Notes 2021 31 ,59dcef82-88f1-4b58-a40d-ae998df65467,BMTF,BLOOMBERG,PERC,90.2232,,210000,USD,FULJ ILQD,1
2022-05-10 05:55:53.000000,2022-04-05 07:42:24.291000,US298785JL15,European Investment Bank DL Notes 2021 31 ,'7208312469792691110,TREA,TRADEWEB APA,PERC,89.776,USD,200000,USD,FULJ ILQD,1
2022-05-10 07:25:19.009449,2022-04-06 15:40:37.839000,US298785JL15,European Investment Bank DL Notes 2021 31 ,2205100825190336024,TRAX,TRAX,PERC,88.734,USD,1824000,USD,FULJ ILQD LRGS,1
2022-05-10 06:47:51.241000,2022-04-07 09:18:13.298000,US298785JL15,European Investment Bank DL Notes 2021 31 ,02737de6-5f3e-4b51-9ee7-a346f883227d,BTFE,BLOOMBERG,PERC,88.79,,75000,USD,FULJ ILQD,1
2022-05-10 06:47:27.348000,2022-04-07 09:41:51.636000,US298785JL15,European Investment Bank DL Notes 2021 31 ,d5ebd528-e7a8-4111-ade6-d27fa3c3b642,BTFE,BLOOMBERG,PERC,88.791,,33000,USD,FULJ ILQD,1
2022-04-11 17:30:57.140000,2022-04-07 14:00:02.000000,US298785JL15,European Investment Bank DL Notes 2021 31 ,77e993f1-4283-4113-877b-3852fad7d035,BAPA,BLOOMBERG APA,PERC,88.4274,,4000,USD,ILQD,1
2022-05-10 07:07:15.008288,2022-04-07 14:00:02.807000,US298785JL15,European Investment Bank DL Notes 2021 31 ,2205100807150492017,MANL,MARKETAXESS,PERC,88.4274,USD,4000,USD,ILQD,1
2022-05-10 08:17:33.042580,2022-04-07 14:00:15.309000,US298785JL15,European Investment Bank DL Notes 2021 31 ,2205100917330254123,TRNL,TRAX,PERC,89,USD,50000,USD,FULJ ILQD,1
2022-05-10 07:39:29.010031,2022-04-07 14:00:15.309000,US298785JL15,European Investment Bank DL Notes 2021 31 ,2205100839290278583,TRNL,TRAX,PERC,89,USD,50000,USD,FULJ ILQD,1
2022-05-10 08:36:32.009486,2022-04-08 08:02:40.171000,US298785JL15,European Investment Bank DL Notes 2021 31 ,2205100936320289861,TRAX,TRAX,PERC,88.17,USD,500000,USD,FULJ ILQD LRGS,1
2022-05-10 06:46:57.938000,2022-04-08 12:22:18.174000,US298785JL15,European Investment Bank DL Notes 2021 31 ,93dfee11-e02a-44af-b2f3-14c9a67a9f03,BTFE,BLOOMBERG,PERC,88.058,,3974000,USD,FULJ ILQD,1
2022-04-12 15:31:11.970000,2022-04-08 14:55:13.000000,US298785JL15,European Investment Bank DL Notes 2021 31 ,03628265-d8c5-4073-a5b5-9f45b970f769,BAPE,BLOOMBERG APA,PERC,87.9606,,100000,USD,ILQD,1
2022-05-17 06:50:02.951000,2022-04-11 11:11:42.855000,US298785JL15,European Investment Bank DL Notes 2021 31 ,d42b693c-4914-495b-b854-b742a3a55153,BTFE,BLOOMBERG,PERC,87.57,,75000,USD,FULJ ILQD,1
2022-05-17 06:49:17.334000,2022-04-11 11:19:36.609000,US298785JL15,European Investment Bank DL Notes 2021 31 ,47fc155e-c64b-4198-9624-beb18df172d1,BTFE,BLOOMBERG,PERC,87.482,,25000,USD,FULJ ILQD,1
2022-05-17 05:32:18.000000,2022-04-12 08:57:44.506000,US298785JL15,European Investment Bank DL Notes 2021 31 ,'7208320166373961450,TREA,TRADEWEB APA,PERC,86.99,USD,20000,USD,FULJ ILQD,1
2022-05-17 07:34:52.554000,2022-04-12 13:56:32.805000,US298785JL15,European Investment Bank DL Notes 2021 31 ,1a7c715c-6b3c-4b7e-97c8-892820745eea,BAPA,BLOOMBERG APA,PERC,87.676,,520000,USD,FULJ LRGS,1
2022-05-17 05:32:10.000000,2022-04-12 14:18:10.000000,US298785JL15,European Investment Bank DL Notes 2021 31 ,'7208320166373954982,TREA,TRADEWEB APA,PERC,87.866,USD,200000,USD,FULJ ILQD,1
2022-05-17 06:44:10.152000,2022-04-13 10:36:19.801000,US298785JL15,European Investment Bank DL Notes 2021 31 ,4ab29d73-25ca-4512-b9b8-fcbd5e036420,BTFE,BLOOMBERG,PERC,87.633,,71000,USD,FULJ ILQD,1
2022-05-17 05:33:13.000000,2022-04-13 14:03:29.000000,US298785JL15,European Investment Bank DL Notes 2021 31 ,'7208320166374007331,TREA,TRADEWEB APA,PERC,88.017,USD,100000,USD,FULJ ILQD,1
2022-05-17 07:31:57.274000,2022-04-14 07:32:22.039000,US298785JL15,European Investment Bank DL Notes 2021 31 ,c3e3d5b9-fbba-407e-a8f8-f3fd161abc56,BMTF,BLOOMBERG,PERC,88.132,,650000,USD,FULJ LRGS,1
2022-05-17 07:31:00.988000,2022-04-14 09:25:44.023000,US298785JL15,European Investment Bank DL Notes 2021 31 ,e6fd4435-9e16-4bf9-9684-d75e66e4b3d5,BMTF,BLOOMBERG,PERC,88.011,,1000000,USD,FULJ LRGS,1
2022-04-18 15:31:23.109000,2022-04-14 13:21:32.000000,US298785JL15,European Investment Bank DL Notes 2021 31 ,d94f1bfc-2fab-4daf-8a51-22224222b972,BAPE,BLOOMBERG APA,PERC,87.8823,,100000,USD,ILQD,1
2022-05-24 06:40:23.018000,2022-04-19 09:18:33.212000,US298785JL15,European Investment Bank DL Notes 2021 31 ,1b729f8e-feee-4189-be65-dfda54be83c9,BTFE,BLOOMBERG,PERC,86.4651,,50000,USD,FULJ ILQD,1
2022-04-21 17:32:43.768000,2022-04-19 10:44:00.000000,US298785JL15,European Investment Bank DL Notes 2021 31 ,7336323b-0cc0-4cbf-9055-2f26ade06cf9,BAPA,BLOOMBERG APA,PERC,86.575,,25000,USD,ILQD,1
2022-05-24 06:49:00.706000,2022-04-19 10:44:00.443000,US298785JL15,European Investment Bank DL Notes 2021 31 ,feda54a3-5ab9-44a4-90d5-593e4a050e43,BTFE,BLOOMBERG,PERC,86.575,,25000,USD,FULJ ILQD,1
2022-05-24 06:46:34.955000,2022-04-20 13:27:20.263000,US298785JL15,European Investment Bank DL Notes 2021 31 ,eba68dcb-0b75-420c-a564-b3f2589036e0,BTFE,BLOOMBERG,PERC,86.592,,123000,USD,FULJ ILQD,1
2022-05-24 06:40:23.731000,2022-04-21 08:08:23.114000,US298785JL15,European Investment Bank DL Notes 2021 31 ,6c49976c-3133-4de5-b2a5-738aae2ed368,BTFE,BLOOMBERG,PERC,86.6387,,125000,USD,FULJ ILQD,1
2022-05-24 05:03:50.000000,2022-04-21 08:21:18.726000,US298785JL15,European Investment Bank DL Notes 2021 31 ,'7208327862955282336,TWEM,TRADEWEB,PERC,86.732,USD,50000,USD,FULJ ILQD,1
2022-05-24 06:33:02.949000,2022-04-21 13:46:49.021000,US298785JL15,European Investment Bank DL Notes 2021 31 ,424dd476-f6b9-44b8-9fed-64bcb20ab040,BTFE,BLOOMBERG,PERC,86.55,,75000,USD,FULJ ILQD,1
2022-04-25 15:30:45.018000,2022-04-21 14:45:35.000000,US298785JL15,European Investment Bank DL Notes 2021 31 ,dcabc9df-e5db-4c73-aade-7dbbd04299fe,BAPE,BLOOMBERG APA,PERC,86.2627,,100000,USD,ILQD,1
2022-05-24 06:35:05.236000,2022-04-22 08:29:20.987000,US298785JL15,European Investment Bank DL Notes 2021 31 ,b9a796b9-91fb-41d4-a26a-6d147c26eac0,BTFE,BLOOMBERG,PERC,86.0962,,125000,USD,FULJ ILQD,1
2022-05-24 06:32:15.413000,2022-04-22 09:30:42.082000,US298785JL15,European Investment Bank DL Notes 2021 31 ,18e9bcde-2dc7-421f-8cbe-c3f185667f67,BTFE,BLOOMBERG,PERC,86.26,,50000,USD,FULJ ILQD,1
2022-04-26 17:31:10.659000,2022-04-22 09:53:34.000000,US298785JL15,European Investment Bank DL Notes 2021 31 ,6e83f956-23fc-4de7-afef-f0898ccec594,BAPA,BLOOMBERG APA,PERC,86.1924,,25000,USD,ILQD,1
2022-05-24 06:02:56.025101,2022-04-22 09:53:34.828000,US298785JL15,European Investment Bank DL Notes 2021 31 ,2205240702560334687,MAEL,MARKETAXESS,PERC,86.2074,USD,25000,USD,ILQD TPAC,1
2022-05-24 05:49:44.005661,2022-04-22 09:53:34.828000,US298785JL15,European Investment Bank DL Notes 2021 31 ,2205240649440332581,MANL,MARKETAXESS,PERC,86.2074,USD,25000,USD,ILQD TPAC,1
2022-05-24 06:32:00.094000,2022-04-22 13:19:26.972000,US298785JL15,European Investment Bank DL Notes 2021 31 ,2682599c-bca9-4ac1-962f-76781396dc1a,BTFE,BLOOMBERG,PERC,86.182,,21000,USD,FULJ ILQD,1
2022-05-31 06:38:55.753000,2022-04-25 10:34:41.209000,US298785JL15,European Investment Bank DL Notes 2021 31 ,bec3bed5-ed35-4d08-a88f-0df79c423079,BTFE,BLOOMBERG,PERC,87.007,,25000,USD,FULJ ILQD,1
2022-04-27 17:31:11.949000,2022-04-25 11:39:04.000000,US298785JL15,European Investment Bank DL Notes 2021 31 ,703435fa-3d92-4e31-8333-f2741ed15af7,BAPA,BLOOMBERG APA,PERC,86.9486,,250000,USD,ILQD,1
2022-05-31 06:45:55.702000,2022-04-25 11:39:04.825000,US298785JL15,European Investment Bank DL Notes 2021 31 ,5f159f98-b38e-44e8-a73e-feadfe006209,BTFE,BLOOMBERG,PERC,86.9486,,250000,USD,FULJ ILQD,1
2022-05-31 06:48:32.605000,2022-04-26 09:50:16.122000,US298785JL15,European Investment Bank DL Notes 2021 31 ,887379ae-e9c6-41eb-9667-fd2fac2af7cd,BTFE,BLOOMBERG,PERC,87.214,,112000,USD,FULJ ILQD,1
2022-05-31 07:37:17.052000,2022-04-26 10:57:24.934000,US298785JL15,European Investment Bank DL Notes 2021 31 ,02dbb80f-d2b9-4a68-b863-0a53e55bea83,BAPA,BLOOMBERG APA,PERC,87.23,,25000000,USD,FULJ LRGS,1
2022-05-31 05:03:16.000000,2022-04-27 07:56:46.627000,US298785JL15,European Investment Bank DL Notes 2021 31 ,'7208335559536676182,TWEM,TRADEWEB,PERC,87.305,USD,25000,USD,FULJ ILQD,1
2022-05-31 06:33:45.762000,2022-04-27 13:03:46.923000,US298785JL15,European Investment Bank DL Notes 2021 31 ,22d57f8d-88a9-435d-87ae-8280e6bbadd6,BTFE,BLOOMBERG,PERC,87.514,,400000,USD,FULJ ILQD,1
2022-05-31 05:52:34.006124,2022-04-28 07:18:15.527000,US298785JL15,European Investment Bank DL Notes 2021 31 ,2205310652340480591,MAEL,MARKETAXESS,PERC,87.019,USD,2900000,USD,ILQD LRGS TPAC,1
2022-05-31 06:36:16.413000,2022-04-28 08:49:58.849000,US298785JL15,European Investment Bank DL Notes 2021 31 ,5a1a4ccc-0d71-4778-b099-90742b6d02af,BTFE,BLOOMBERG,PERC,86.9234,,125000,USD,FULJ ILQD,1
2022-05-31 06:51:57.058000,2022-04-28 08:51:03.369000,US298785JL15,European Investment Bank DL Notes 2021 31 ,391b35d3-7f39-4151-9579-8b255249ec2b,BTFE,BLOOMBERG,PERC,87.083,,75000,USD,FULJ ILQD,1
2022-05-02 17:32:54.054000,2022-04-28 12:27:46.000000,US298785JL15,European Investment Bank DL Notes 2021 31 ,2c92e7fb-5abc-4934-a0c3-3d19cab52ff5,BAPA,BLOOMBERG APA,PERC,86.66,,100000,USD,ILQD,1
2022-05-31 08:10:31.005924,2022-04-28 13:36:52.204000,US298785JL15,European Investment Bank DL Notes 2021 31 ,2205310910310372542,TRNL,TRAX,PERC,87.271,USD,36000,USD,FULJ ILQD,1
2022-05-31 06:31:27.821000,2022-04-28 13:36:52.232000,US298785JL15,European Investment Bank DL Notes 2021 31 ,9009b8a3-ac70-4af4-9b5e-04f56c13081b,BTFE,BLOOMBERG,PERC,87.297,,50000,USD,FULJ ILQD,1
2022-05-31 08:08:37.008104,2022-04-28 13:37:15.991000,US298785JL15,European Investment Bank DL Notes 2021 31 ,2205310908370498930,TRNL,TRAX,PERC,87.203,USD,14000,USD,FULJ ILQD,1
2022-05-31 07:18:40.016784,2022-04-29 13:45:45.322000,US298785JL15,European Investment Bank DL Notes 2021 31 ,2205310818400422907,TRNL,TRAX,PERC,86.31,USD,42000,USD,FULJ ILQD,1
2022-05-31 06:36:37.009932,2022-04-29 13:45:45.322000,US298785JL15,European Investment Bank DL Notes 2021 31 ,2205310736370490090,MANL,MARKETAXESS,PERC,86.31,USD,42000,USD,ILQD,1
2022-05-31 07:26:09.010355,2022-04-29 13:45:45.475000,US298785JL15,European Investment Bank DL Notes 2021 31 ,2205310826090394023,TRNL,TRAX,PERC,86.35,USD,42000,USD,FULJ ILQD,1
2022-05-31 05:40:02.000000,2022-04-29 20:00:48.150000,US298785JL15,European Investment Bank DL Notes 2021 31 ,'7208335559537014650,TREA,TRADEWEB APA,PERC,86.345,USD,1000000,USD,FULJ ILQD SIZE,1
2022-06-07 06:41:16.351000,2022-05-02 09:45:55.126000,US298785JL15,European Investment Bank DL Notes 2021 31 ,0f95342d-76e0-4085-957b-66761127d0fe,BTFE,BLOOMBERG,PERC,86.167,,50000,USD,FULJ ILQD,1
2022-06-07 06:43:35.742000,2022-05-02 11:56:49.710000,US298785JL15,European Investment Bank DL Notes 2021 31 ,ef08f7c8-081b-43bf-ba7f-3c4f2c864ece,BTFE,BLOOMBERG,PERC,86.38,,25000,USD,FULJ ILQD,1
2022-06-07 06:47:10.960000,2022-05-03 08:52:17.925000,US298785JL15,European Investment Bank DL Notes 2021 31 ,fcb9e850-bd92-4571-bd97-fe7767410ff7,BTFE,BLOOMBERG,PERC,85.932,,120000,USD,FULJ ILQD,1
2022-06-07 06:52:47.023000,2022-05-03 11:05:44.744000,US298785JL15,European Investment Bank DL Notes 2021 31 ,04ff2b38-9dc4-4fa4-a2e0-33926fd937b0,BTFE,BLOOMBERG,PERC,86.1074,,120000,USD,FULJ ILQD,1
2022-06-07 07:36:09.257000,2022-05-04 08:15:41.034000,US298785JL15,European Investment Bank DL Notes 2021 31 ,c50e92f5-a0e0-43a3-bfa5-6bfe2874585d,BAPA,BLOOMBERG APA,PERC,86.04,,50000000,USD,FULJ LRGS,1
2022-06-07 06:44:36.094000,2022-05-04 08:58:58.284000,US298785JL15,European Investment Bank DL Notes 2021 31 ,f3fb18c6-c168-4b37-b091-cd63b48100a4,BTFE,BLOOMBERG,PERC,86.055,,125000,USD,FULJ ILQD,1
2022-05-06 17:31:05.636000,2022-05-04 09:39:53.394000,US298785JL15,European Investment Bank DL Notes 2021 31 ,f8ac409a-313d-44bd-aead-4e20e6bf761d,BAPA,BLOOMBERG APA,PERC,86.042,,25000000,USD,LRGS,1
2022-06-07 05:30:39.000000,2022-05-04 10:07:34.813000,US298785JL15,European Investment Bank DL Notes 2021 31 ,'7208343256118177129,TREA,TRADEWEB APA,PERC,86.133,USD,2850000,USD,AMND FULJ ILQD SIZE,1
2022-06-07 06:32:29.243000,2022-05-04 10:52:01.797000,US298785JL15,European Investment Bank DL Notes 2021 31 ,a1544297-3052-4e17-acc3-97190679ce96,BTFE,BLOOMBERG,PERC,86.204,,250000,USD,FULJ ILQD,1
2022-05-06 17:32:06.572000,2022-05-04 14:10:11.000000,US298785JL15,European Investment Bank DL Notes 2021 31 ,09420b6a-a1ec-47a4-83b5-de32495ffd2d,BAPA,BLOOMBERG APA,PERC,85.711,,6000,USD,ILQD,1
2022-06-07 07:02:45.014762,2022-05-04 14:10:11.860000,US298785JL15,European Investment Bank DL Notes 2021 31 ,2206070802450381500,MANL,MARKETAXESS,PERC,85.711,USD,6000,USD,ILQD,1
2022-06-07 06:44:26.005000,2022-05-05 08:55:02.057000,US298785JL15,European Investment Bank DL Notes 2021 31 ,f2ee4b07-ae94-400c-8c82-285dbf2d803e,BTFE,BLOOMBERG,PERC,86.188,,95000,USD,FULJ ILQD,1
2022-06-07 06:43:45.663000,2022-05-05 11:32:44.750000,US298785JL15,European Investment Bank DL Notes 2021 31 ,7eaac8f4-2305-471d-a087-d0712db3d4b8,BTFE,BLOOMBERG,PERC,86.328,,134000,USD,FULJ ILQD,1
2022-06-07 06:30:54.779000,2022-05-06 10:48:46.357000,US298785JL15,European Investment Bank DL Notes 2021 31 ,fc5829e0-0eaf-4769-9a70-35d77d50258d,BTFE,BLOOMBERG,PERC,85.225,,20000,USD,FULJ ILQD,1
2022-06-14 07:08:24.018138,2022-05-11 08:35:29.000000,US298785JL15,European Investment Bank DL Notes 2021 31 ,2206140808240252025,TRAX,TRAX,PERC,86.37,USD,20000000,USD,ILQD LRGS,1
2022-06-14 05:35:59.000000,2022-05-11 20:00:02.139000,US298785JL15,European Investment Bank DL Notes 2021 31 ,'7208350952699672012,TREA,TRADEWEB APA,PERC,86.361,USD,1200000,USD,FULJ ILQD SIZE,1
2022-06-14 05:04:15.000000,2022-05-12 09:55:52.586000,US298785JL15,European Investment Bank DL Notes 2021 31 ,'7208350952699475481,TREU,TRADEWEB,PERC,86.978,USD,140000,USD,FULJ ILQD,1
2022-06-14 06:44:04.408000,2022-05-12 10:10:55.118000,US298785JL15,European Investment Bank DL Notes 2021 31 ,3f56abdd-0fbc-4a50-9bcb-8305f0df4eb8,BTFE,BLOOMBERG,PERC,87.227,,50000,USD,FULJ ILQD,1
2022-06-14 06:39:18.843000,2022-05-12 10:30:12.209000,US298785JL15,European Investment Bank DL Notes 2021 31 ,4942a146-842c-492c-b12a-bb6022af59db,BTFE,BLOOMBERG,PERC,87.1265,,40000,USD,FULJ ILQD,1
2022-06-14 06:45:48.919000,2022-05-13 08:31:29.459000,US298785JL15,European Investment Bank DL Notes 2021 31 ,7d7d66e8-66bd-4b1d-96e5-95ba5a39860d,BTFE,BLOOMBERG,PERC,86.5181,,125000,USD,FULJ ILQD,1
2022-05-17 17:31:39.157000,2022-05-13 09:20:15.000000,US298785JL15,European Investment Bank DL Notes 2021 31 ,1a689900-390d-425c-82ec-4c8cebe4da26,BAPA,BLOOMBERG APA,PERC,86.5819,,375000,USD,LRGS,1
2022-06-14 05:30:23.005042,2022-05-13 09:20:15.198000,US298785JL15,European Investment Bank DL Notes 2021 31 ,2206140630230229428,MAEL,MARKETAXESS,PERC,86.5969,USD,375000,USD,ILQD LRGS TPAC,1
2022-06-14 06:08:44.007724,2022-05-13 09:20:15.198000,US298785JL15,European Investment Bank DL Notes 2021 31 ,2206140708440234338,MANL,MARKETAXESS,PERC,86.5969,USD,375000,USD,ILQD TPAC,1
2022-05-17 18:01:49.000000,2022-05-13 13:02:00.710000,US298785JL15,European Investment Bank DL Notes 2021 31 ,'7208320166373989443,TWEA,TRADEWEB APA,PERC,86.357,USD,,USD,VOLO,1
2022-06-14 05:21:16.000000,2022-05-13 13:02:00.710000,US298785JL15,European Investment Bank DL Notes 2021 31 ,'7208350952699595580,TWEA,TRADEWEB APA,PERC,86.357,USD,300000000,USD,FULV ILQD SIZE,1
2022-05-17 18:02:17.000000,2022-05-13 13:02:00.710000,US298785JL15,European Investment Bank DL Notes 2021 31 ,'7208320166374135814,TREA,TRADEWEB APA,PERC,86.357,USD,,USD,VOLO,1
2022-06-14 05:39:07.000000,2022-05-13 13:02:00.710000,US298785JL15,European Investment Bank DL Notes 2021 31 ,'7208350952699813205,TREA,TRADEWEB APA,PERC,86.357,USD,300000000,USD,FULV ILQD SIZE,1
2022-06-14 05:37:38.000000,2022-05-13 14:59:48.430000,US298785JL15,European Investment Bank DL Notes 2021 31 ,'7208350952699753997,TREA,TRADEWEB APA,PERC,86.372,USD,50000000,USD,AMND FULJ ILQD SIZE,1
2022-06-14 05:37:38.000000,2022-05-13 14:59:51.587000,US298785JL15,European Investment Bank DL Notes 2021 31 ,'7208350952699753998,TREA,TRADEWEB APA,PERC,86.372,USD,50000000,USD,AMND FULJ ILQD SIZE,1
2022-06-14 05:37:39.000000,2022-05-13 15:39:41.756000,US298785JL15,European Investment Bank DL Notes 2021 31 ,'7208350952699754736,TREA,TRADEWEB APA,PERC,86.512,USD,3187000,USD,AMND FULJ ILQD SIZE,1
2022-06-21 06:55:07.348000,2022-05-16 14:36:36.366000,US298785JL15,European Investment Bank DL Notes 2021 31 ,b306cdf2-d264-4758-9b17-424d1e14eb5c,BTFE,BLOOMBERG,PERC,86.769,,105000,USD,FULJ ILQD,1
2022-06-21 06:31:20.596000,2022-05-17 08:27:48.103000,US298785JL15,European Investment Bank DL Notes 2021 31 ,e9602fe1-8703-4d98-9b1c-010054dc0a72,BTFE,BLOOMBERG,PERC,86.679,,300000,USD,FULJ ILQD,1
2022-06-21 08:32:27.007064,2022-05-17 08:56:11.995000,US298785JL15,European Investment Bank DL Notes 2021 31 ,2206210932270459915,TRAX,TRAX,PERC,86.468,USD,25000000,USD,FULJ ILQD LRGS,1
2022-06-21 08:07:33.008856,2022-05-17 08:56:11.995000,US298785JL15,European Investment Bank DL Notes 2021 31 ,2206210907330379974,TRAX,TRAX,PERC,86.468,USD,25000000,USD,FULJ ILQD LRGS,1
2022-06-21 07:18:27.006770,2022-05-17 08:56:11.995000,US298785JL15,European Investment Bank DL Notes 2021 31 ,2206210818270449693,TRAX,TRAX,PERC,86.468,USD,25000000,USD,FULJ ILQD LRGS,1
2022-06-21 05:35:31.000000,2022-05-17 09:07:41.450000,US298785JL15,European Investment Bank DL Notes 2021 31 ,'7208358649280949970,TREA,TRADEWEB APA,PERC,86.417,USD,25000000,USD,FULJ ILQD SIZE,1
2022-06-21 06:47:38.295000,2022-05-17 09:27:38.004000,US298785JL15,European Investment Bank DL Notes 2021 31 ,c8eac76c-b22a-4b9e-881c-4451da833318,BTFE,BLOOMBERG,PERC,86.481,,300000,USD,FULJ ILQD,1
2022-06-21 08:47:20.013452,2022-05-17 09:27:43.000000,US298785JL15,European Investment Bank DL Notes 2021 31 ,2206210947200383139,TRNL,TRAX,PERC,86.58,,300000,USD,FULJ ILQD,1
2022-06-21 05:35:32.000000,2022-05-17 09:48:22.896000,US298785JL15,European Investment Bank DL Notes 2021 31 ,'7208358649280950790,TREA,TRADEWEB APA,PERC,86.478,USD,100000000,USD,FULJ ILQD SIZE,1
2022-05-20 17:32:45.789000,2022-05-18 08:47:11.344000,US298785JL15,European Investment Bank DL Notes 2021 31 ,aa1fd929-d00d-402c-98d8-e899ad568046,BAPA,BLOOMBERG APA,PERC,86.16,,30000000,USD,LRGS,1
2022-06-21 05:37:03.000000,2022-05-18 08:57:38.627000,US298785JL15,European Investment Bank DL Notes 2021 31 ,'7208358649281015406,TREA,TRADEWEB APA,PERC,86.15,USD,30000000,USD,FULJ ILQD SIZE,1
2022-06-21 06:30:52.816000,2022-05-18 12:20:10.109000,US298785JL15,European Investment Bank DL Notes 2021 31 ,ffa3c225-a346-431f-a813-23f29a15b2ba,BTFE,BLOOMBERG,PERC,85.939,,2113000,USD,FULJ ILQD,1
2022-06-21 06:45:41.263000,2022-05-18 12:20:59.089000,US298785JL15,European Investment Bank DL Notes 2021 31 ,e56f0fd3-f1b3-469e-9809-c66e03550fcd,BTFE,BLOOMBERG,PERC,85.959,,2113000,USD,FULJ ILQD,1
2022-06-21 05:59:59.009934,2022-05-18 13:55:07.000000,US298785JL15,European Investment Bank DL Notes 2021 31 ,2206210659590401675,TRAX,TRAX,PERC,86.146,USD,14178000,USD,FULJ ILQD LRGS,1
2022-06-21 07:39:00.189000,2022-05-18 15:48:52.788000,US298785JL15,European Investment Bank DL Notes 2021 31 ,cae38742-5fc0-4286-af6a-a585573fab16,BAPA,BLOOMBERG APA,PERC,86.384,,2500000,USD,FULJ LRGS,1
2022-06-21 06:50:24.862000,2022-05-19 10:15:33.428000,US298785JL15,European Investment Bank DL Notes 2021 31 ,0d2ff0f3-f87c-48aa-8675-025dd783bd34,BTFE,BLOOMBERG,PERC,87.28,,188000,USD,FULJ ILQD,1
2022-06-21 05:37:45.000000,2022-05-19 12:55:38.823000,US298785JL15,European Investment Bank DL Notes 2021 31 ,'7208358649281050395,TREA,TRADEWEB APA,PERC,87.473,,1100000,USD,FULJ ILQD SIZE,1
2022-06-21 06:34:35.328000,2022-05-19 12:55:38.823000,US298785JL15,European Investment Bank DL Notes 2021 31 ,80807aac-6fc9-4e34-bd95-398cf19628f2,BTFE,BLOOMBERG,PERC,87.473,,1100000,USD,FULJ ILQD,1
2022-06-21 07:43:22.448000,2022-05-19 16:00:26.067000,US298785JL15,European Investment Bank DL Notes 2021 31 ,961879a5-9ab2-4c3f-96a3-1d02c68c8839,BAPA,BLOOMBERG APA,PERC,87.126,,1000000,USD,FULJ LRGS,1
2022-06-21 05:37:44.008028,2022-05-20 07:19:19.000000,US298785JL15,European Investment Bank DL Notes 2021 31 ,2206210637440167069,TRAX,TRAX,PERC,86.752,USD,5000000,USD,FULJ ILQD LRGS,1
2022-06-21 07:30:53.714000,2022-05-20 11:01:48.850000,US298785JL15,European Investment Bank DL Notes 2021 31 ,e556ca4d-a443-421e-88e5-f753a6d00860,BMTF,BLOOMBERG,PERC,86.7997,,35000,USD,FULJ ILQD,1
2022-06-21 07:03:36.009921,2022-05-20 11:01:48.850000,US298785JL15,European Investment Bank DL Notes 2021 31 ,2206210803360189063,TRNL,TRAX,PERC,86.7997,USD,35000,USD,FULJ ILQD,1
2022-06-21 05:29:09.077247,2022-05-20 13:54:58.000000,US298785JL15,European Investment Bank DL Notes 2021 31 ,2206210629090282043,TRAX,TRAX,PERC,86.94,USD,500000,USD,FULJ ILQD LRGS,1
2022-06-21 06:24:32.012527,2022-05-20 14:16:13.000000,US298785JL15,European Investment Bank DL Notes 2021 31 ,2206210724320173856,TRAX,TRAX,PERC,86.915,USD,5000000,USD,FULJ ILQD LRGS,1
2022-06-21 05:12:31.009911,2022-05-20 14:40:30.000000,US298785JL15,European Investment Bank DL Notes 2021 31 ,2206210612310278822,TRAX,TRAX,PERC,86.969,USD,10000000,USD,FULJ ILQD LRGS,1
2022-06-21 05:39:38.000000,2022-05-20 14:50:19.994000,US298785JL15,European Investment Bank DL Notes 2021 31 ,'7208358649281144309,TREA,TRADEWEB APA,PERC,86.979,USD,35000000,USD,AMND FULJ ILQD SIZE,1
2022-06-21 05:39:05.000000,2022-05-20 16:34:50.560000,US298785JL15,European Investment Bank DL Notes 2021 31 ,'7208358649281116891,TREA,TRADEWEB APA,PERC,87.2044,,18900000,USD,FULJ ILQD SIZE,1
2022-06-28 05:32:36.000000,2022-05-23 09:31:39.286000,US298785JL15,European Investment Bank DL Notes 2021 31 ,'7208366345862290244,TREA,TRADEWEB APA,PERC,87.01,USD,35000000,USD,FULJ ILQD SIZE,1
2022-06-28 06:39:22.738000,2022-05-23 11:06:00.002000,US298785JL15,European Investment Bank DL Notes 2021 31 ,2344cc4e-443f-40f0-917a-504fe05ca7d3,BTFE,BLOOMBERG,PERC,87.163,,150000,USD,FULJ ILQD,1
2022-05-26 17:31:09.220000,2022-05-24 07:52:37.000000,US298785JL15,European Investment Bank DL Notes 2021 31 ,ccc76b4e-3428-4461-ab92-1602c0fc33ab,BAPA,BLOOMBERG APA,PERC,87.0722,,8000,USD,ILQD,1
2022-06-28 06:27:54.013194,2022-05-24 07:52:37.710000,US298785JL15,European Investment Bank DL Notes 2021 31 ,2206280727540383085,MANL,MARKETAXESS,PERC,87.0722,USD,8000,USD,ILQD,1
2022-06-28 06:35:20.021000,2022-05-24 13:20:33.692000,US298785JL15,European Investment Bank DL Notes 2021 31 ,4b2f0977-7d56-4ad3-8147-f7849e068bd1,BTFE,BLOOMBERG,PERC,87.216,,400000,USD,FULJ ILQD,1
2022-06-28 06:42:29.635000,2022-05-25 07:44:22.788000,US298785JL15,European Investment Bank DL Notes 2021 31 ,d97ab1e2-c63c-430c-a8be-1892ea09d303,BTFE,BLOOMBERG,PERC,87.604,,50000,USD,FULJ ILQD,1
2022-06-28 06:52:07.466000,2022-05-25 12:25:45.793000,US298785JL15,European Investment Bank DL Notes 2021 31 ,77b722b1-2a35-454f-9327-4b0cd5d2cf0a,BTFE,BLOOMBERG,PERC,87.779,,40000,USD,FULJ ILQD,1
2022-06-28 05:52:36.009518,2022-05-26 10:19:17.000000,US298785JL15,European Investment Bank DL Notes 2021 31 ,2206280652360452279,TRAX,TRAX,PERC,87.686,USD,3678000,USD,FULJ ILQD LRGS,1
2022-06-28 06:54:54.011311,2022-05-26 13:03:31.000000,US298785JL15,European Investment Bank DL Notes 2021 31 ,2206280754540388163,TRAX,TRAX,PERC,87.587,USD,25000000,USD,FULJ ILQD LRGS,1
2022-06-28 05:35:54.000000,2022-05-26 15:16:50.588000,US298785JL15,European Investment Bank DL Notes 2021 31 ,'7208366345862455887,TREA,TRADEWEB APA,PERC,87.489,,2312000,USD,FULJ ILQD SIZE,1
2022-06-28 06:09:06.010570,2022-05-27 16:31:26.000000,US298785JL15,European Investment Bank DL Notes 2021 31 ,2206280709060252667,TRAX,TRAX,PERC,87.622,USD,5000000,USD,FULJ ILQD LRGS,1
2022-07-05 06:45:40.752000,2022-05-31 07:01:54.726000,US298785JL15,European Investment Bank DL Notes 2021 31 ,0ffd2306-45ea-4bb5-8a55-b858fe563e8a,BTFE,BLOOMBERG,PERC,87.037,,25000,USD,FULJ ILQD,1
2022-06-02 17:30:58.412000,2022-05-31 08:02:35.000000,US298785JL15,European Investment Bank DL Notes 2021 31 ,c5787147-463b-4c80-a042-561a137980b6,BAPA,BLOOMBERG APA,PERC,87.255,,20000000,USD,LRGS,1
2022-07-05 05:18:46.000000,2022-05-31 09:38:39.528000,US298785JL15,European Investment Bank DL Notes 2021 31 ,'7208374042443688324,TWEA,TRADEWEB APA,PERC,87.132,,171000,USD,FULJ ILQD,1
2022-07-05 06:48:44.575000,2022-05-31 10:02:37.429000,US298785JL15,European Investment Bank DL Notes 2021 31 ,eec22351-0d24-40c2-b9f8-952444b922b6,BTFE,BLOOMBERG,PERC,87.134,,25000,USD,FULJ ILQD,1
2022-07-05 06:40:57.009037,2022-05-31 16:12:48.823000,US298785JL15,European Investment Bank DL Notes 2021 31 ,2207050740570193635,TRAX,TRAX,PERC,86.886,USD,1000000,USD,FULJ ILQD LRGS,1
2022-07-05 06:58:01.007418,2022-05-31 20:00:33.000000,US298785JL15,European Investment Bank DL Notes 2021 31 ,2207050758010373802,TRAX,TRAX,PERC,86.798,USD,200000,USD,FULJ ILQD,1
2022-06-03 17:31:10.276000,2022-06-01 07:43:07.944000,US298785JL15,European Investment Bank DL Notes 2021 31 ,19e1df6f-b106-4fe4-b89b-9fd109d1cdb2,BAPA,BLOOMBERG APA,PERC,86.7,,25000000,USD,LRGS,1
2022-07-05 06:36:01.097000,2022-06-02 11:38:17.457000,US298785JL15,European Investment Bank DL Notes 2021 31 ,60edd205-98b6-408c-a1de-060045244e17,BTFE,BLOOMBERG,PERC,86.557,,154000,USD,FULJ ILQD,1
2022-06-06 17:31:14.981000,2022-06-02 12:07:27.000000,US298785JL15,European Investment Bank DL Notes 2021 31 ,9eefe441-0b7c-420f-98b5-6d5e6d731698,BAPA,BLOOMBERG APA,PERC,86.4845,,42000,USD,ILQD,1
2022-07-05 06:02:50.006482,2022-06-02 12:07:27.271000,US298785JL15,European Investment Bank DL Notes 2021 31 ,2207050702500271697,MANL,MARKETAXESS,PERC,86.4845,USD,42000,USD,ILQD,1
2022-07-05 06:51:46.969000,2022-06-03 12:29:39.329000,US298785JL15,European Investment Bank DL Notes 2021 31 ,88c03cad-d58d-44b6-a97f-30b1c05b6939,BTFE,BLOOMBERG,PERC,86.519,,50000,USD,FULJ ILQD,1
2022-07-05 05:38:25.000000,2022-06-03 14:02:13.995000,US298785JL15,European Investment Bank DL Notes 2021 31 ,'7208374042443899814,TREA,TRADEWEB APA,PERC,86.211,,25000,USD,FULJ ILQD,1
2022-06-08 17:30:43.853000,2022-06-06 10:29:50.777000,US298785JL15,European Investment Bank DL Notes 2021 31 ,cd8c5a49-9784-47e0-aafd-1051937d6c5e,BAPA,BLOOMBERG APA,PERC,86.21,,25000000,USD,LRGS,1
2022-06-08 17:31:14.442000,2022-06-06 17:09:54.808000,US298785JL15,European Investment Bank DL Notes 2021 31 ,de9f250e-ba8f-495d-ba78-7def98bfa60f,BAPA,BLOOMBERG APA,PERC,85.631,,270000,USD,ILQD,1
2022-07-12 05:35:19.000000,2022-06-08 08:34:17.849000,US298785JL15,European Investment Bank DL Notes 2021 31 ,'7208381739025177312,TREA,TRADEWEB APA,PERC,85.857,,5500000,USD,FULJ ILQD,1
2022-06-10 17:30:57.414000,2022-06-08 13:02:30.417000,US298785JL15,European Investment Bank DL Notes 2021 31 ,3d8721fc-645f-4ffc-ba93-8968d22b64d4,BAPA,BLOOMBERG APA,PERC,85.872,,15000000,USD,AMND SIZE,1
2022-06-13 17:31:14.939000,2022-06-09 15:50:09.557000,US298785JL15,European Investment Bank DL Notes 2021 31 ,ffe21204-fd94-4768-9118-d27f66821611,BAPA,BLOOMBERG APA,PERC,85.622,,204000,USD,ILQD,1
2022-07-12 08:11:58.004832,2022-06-10 08:39:15.796000,US298785JL15,European Investment Bank DL Notes 2021 31 ,2207120911580465340,MANL,MARKETAXESS,PERC,85.704,USD,19000,USD,ILQD,1
2022-07-12 06:34:56.684000,2022-06-10 10:32:49.997000,US298785JL15,European Investment Bank DL Notes 2021 31 ,73f66f26-1a01-45cc-95b7-7bd5ab84a7b3,BTFE,BLOOMBERG,PERC,85.763,,22000,USD,FULJ ILQD,1
2022-07-19 08:11:32.005814,2022-06-13 09:40:26.000000,US298785JL15,European Investment Bank DL Notes 2021 31 ,2207190911320380024,TRAX,TRAX,PERC,84.35,USD,25000000,USD,FULJ ILQD LRGS,1
2022-07-19 08:27:12.005068,2022-06-13 09:40:26.000000,US298785JL15,European Investment Bank DL Notes 2021 31 ,2207190927120484938,TRAX,TRAX,PERC,84.35,USD,25000000,USD,FULJ ILQD LRGS,1
2022-07-19 08:04:31.009376,2022-06-13 09:40:26.000000,US298785JL15,European Investment Bank DL Notes 2021 31 ,2207190904310225951,TRAX,TRAX,PERC,84.35,USD,25000000,USD,FULJ ILQD LRGS,1
2022-06-15 17:32:42.525000,2022-06-13 09:51:16.559000,US298785JL15,European Investment Bank DL Notes 2021 31 ,7ad100a3-dfb9-410c-a59c-e78917c1f932,BAPA,BLOOMBERG APA,PERC,84.33,,50000000,USD,LRGS,1
2022-06-15 17:31:20.776000,2022-06-13 09:54:29.133000,US298785JL15,European Investment Bank DL Notes 2021 31 ,eb3aedbd-8938-4214-8e8f-2c5a3e525622,BAPA,BLOOMBERG APA,PERC,84.3,,20000000,USD,SIZE,1
2022-06-15 17:31:22.560000,2022-06-13 10:00:16.000000,US298785JL15,European Investment Bank DL Notes 2021 31 ,f7348b94-1cf5-4c87-9168-8e8e19b0484a,BAPA,BLOOMBERG APA,PERC,84.203,,5000000,USD,ILQD,1
2022-07-19 05:11:01.009286,2022-06-13 10:01:30.000000,US298785JL15,European Investment Bank DL Notes 2021 31 ,2207190611010444593,TRAX,TRAX,PERC,84.213,USD,20000000,USD,FULJ ILQD SIZE,1
2022-07-19 05:34:37.000000,2022-06-13 10:13:36.259000,US298785JL15,European Investment Bank DL Notes 2021 31 ,'7208389435606478195,TREA,TRADEWEB APA,PERC,84.203,USD,2000000,USD,FULJ ILQD,1
2022-07-19 05:54:31.007908,2022-06-13 10:38:49.000000,US298785JL15,European Investment Bank DL Notes 2021 31 ,2207190654310109577,TRAX,TRAX,PERC,84.365,USD,10000000,USD,FULJ ILQD SIZE,1
2022-07-19 06:11:14.008502,2022-06-13 10:47:01.000000,US298785JL15,European Investment Bank DL Notes 2021 31 ,2207190711140273535,TRAX,TRAX,PERC,84.35,USD,15000000,USD,FULJ ILQD SIZE,1
2022-07-19 06:50:11.791000,2022-06-13 11:48:49.967000,US298785JL15,European Investment Bank DL Notes 2021 31 ,8b440f05-d62b-43a0-8f33-c6493b584bce,BTFE,BLOOMBERG,PERC,84.165,,2000000,USD,FULJ ILQD,1
2022-07-19 06:50:38.814000,2022-06-13 11:49:27.518000,US298785JL15,European Investment Bank DL Notes 2021 31 ,dcfb33ad-2827-4130-a5f0-40eb1db70883,BTFE,BLOOMBERG,PERC,84.185,,2000000,USD,FULJ ILQD,1
2022-07-19 06:42:36.993000,2022-06-13 16:13:00.297000,US298785JL15,European Investment Bank DL Notes 2021 31 ,94973162-3d02-4d19-907e-e8c88754f037,BTFE,BLOOMBERG,PERC,83.697,,25000,USD,FULJ ILQD,1
2022-07-19 05:32:00.015052,2022-06-13 21:32:29.000000,US298785JL15,European Investment Bank DL Notes 2021 31 ,2207190632000303456,TRAX,TRAX,PERC,84.35,USD,15000000,USD,FULJ ILQD SIZE,1
2022-07-19 05:05:37.014678,2022-06-13 21:32:29.000000,US298785JL15,European Investment Bank DL Notes 2021 31 ,2207190605370102162,TRAX,TRAX,PERC,84.365,USD,10000000,USD,FULJ ILQD SIZE,1
2022-07-19 06:00:54.006396,2022-06-13 21:32:29.000000,US298785JL15,European Investment Bank DL Notes 2021 31 ,2207190700540270958,TRAX,TRAX,PERC,84.35,USD,15000000,USD,FULJ ILQD SIZE,1
2022-07-19 05:34:20.009432,2022-06-13 21:32:29.000000,US298785JL15,European Investment Bank DL Notes 2021 31 ,2207190634200303658,TRAX,TRAX,PERC,84.365,USD,10000000,USD,FULJ ILQD SIZE,1
2022-07-19 06:14:27.012375,2022-06-13 21:32:30.000000,US298785JL15,European Investment Bank DL Notes 2021 31 ,2207190714270310283,TRAX,TRAX,PERC,84.35,USD,15000000,USD,FULJ ILQD SIZE,1
2022-07-19 06:23:53.017349,2022-06-13 21:32:30.000000,US298785JL15,European Investment Bank DL Notes 2021 31 ,2207190723530457854,TRAX,TRAX,PERC,84.35,USD,15000000,USD,FULJ ILQD SIZE,1
2022-07-19 07:43:01.008786,2022-06-13 21:32:30.000000,US298785JL15,European Investment Bank DL Notes 2021 31 ,2207190843010355655,TRAX,TRAX,PERC,84.365,USD,10000000,USD,FULJ ILQD SIZE,1
2022-07-19 06:51:43.008965,2022-06-13 21:32:30.000000,US298785JL15,European Investment Bank DL Notes 2021 31 ,2207190751430319475,TRAX,TRAX,PERC,84.365,USD,10000000,USD,FULJ ILQD SIZE,1
2022-07-19 05:12:30.009247,2022-06-13 21:32:30.000000,US298785JL15,European Investment Bank DL Notes 2021 31 ,2207190612300102699,TRAX,TRAX,PERC,84.365,USD,10000000,USD,FULJ ILQD SIZE,1
2022-07-19 06:36:12.025567,2022-06-13 21:32:31.000000,US298785JL15,European Investment Bank DL Notes 2021 31 ,2207190736120460409,TRAX,TRAX,PERC,84.35,USD,15000000,USD,FULJ ILQD SIZE,1
2022-07-19 05:22:59.014666,2022-06-13 21:32:31.000000,US298785JL15,European Investment Bank DL Notes 2021 31 ,2207190622590265199,TRAX,TRAX,PERC,84.35,USD,15000000,USD,FULJ ILQD SIZE,1
2022-07-19 05:21:19.013028,2022-06-13 21:32:31.000000,US298785JL15,European Investment Bank DL Notes 2021 31 ,2207190621190264637,TRAX,TRAX,PERC,84.365,USD,10000000,USD,FULJ ILQD SIZE,1
2022-07-19 05:12:31.010372,2022-06-13 21:32:31.000000,US298785JL15,European Investment Bank DL Notes 2021 31 ,2207190612310263120,TRAX,TRAX,PERC,84.35,USD,15000000,USD,FULJ ILQD SIZE,1
2022-07-19 07:43:36.007163,2022-06-13 21:32:31.000000,US298785JL15,European Investment Bank DL Notes 2021 31 ,2207190843360247100,TRAX,TRAX,PERC,84.365,USD,10000000,USD,FULJ ILQD SIZE,1
2022-07-19 06:54:49.007451,2022-06-13 21:32:32.000000,US298785JL15,European Investment Bank DL Notes 2021 31 ,2207190754490286788,TRAX,TRAX,PERC,84.35,USD,15000000,USD,FULJ ILQD SIZE,1
2022-07-19 05:40:11.007446,2022-06-13 21:32:32.000000,US298785JL15,European Investment Bank DL Notes 2021 31 ,2207190640110304199,TRAX,TRAX,PERC,84.35,USD,15000000,USD,FULJ ILQD SIZE,1
2022-07-19 06:35:47.014777,2022-06-13 21:32:32.000000,US298785JL15,European Investment Bank DL Notes 2021 31 ,2207190735470279344,TRAX,TRAX,PERC,84.365,USD,10000000,USD,FULJ ILQD SIZE,1
2022-07-19 06:50:11.012088,2022-06-13 21:32:32.000000,US298785JL15,European Investment Bank DL Notes 2021 31 ,2207190750110285044,TRAX,TRAX,PERC,84.365,USD,10000000,USD,FULJ ILQD SIZE,1
2022-07-19 06:32:24.016038,2022-06-13 21:32:32.000000,US298785JL15,European Investment Bank DL Notes 2021 31 ,2207190732240314391,TRAX,TRAX,PERC,84.365,USD,10000000,USD,FULJ ILQD SIZE,1
2022-07-19 05:10:23.012868,2022-06-13 21:32:32.000000,US298785JL15,European Investment Bank DL Notes 2021 31 ,2207190610230262965,TRAX,TRAX,PERC,84.35,USD,15000000,USD,FULJ ILQD SIZE,1
2022-07-19 06:51:47.010456,2022-06-13 21:32:33.000000,US298785JL15,European Investment Bank DL Notes 2021 31 ,2207190751470463846,TRAX,TRAX,PERC,84.35,USD,15000000,USD,FULJ ILQD SIZE,1
2022-07-19 07:26:46.009217,2022-06-13 21:32:33.000000,US298785JL15,European Investment Bank DL Notes 2021 31 ,2207190826460172498,TRAX,TRAX,PERC,84.365,USD,10000000,USD,FULJ ILQD SIZE,1
2022-07-19 05:22:00.025036,2022-06-13 21:32:33.000000,US298785JL15,European Investment Bank DL Notes 2021 31 ,2207190622000264853,TRAX,TRAX,PERC,84.365,USD,10000000,USD,FULJ ILQD SIZE,1
2022-07-19 07:40:04.007295,2022-06-13 21:32:33.000000,US298785JL15,European Investment Bank DL Notes 2021 31 ,2207190840040475815,TRAX,TRAX,PERC,84.365,USD,10000000,USD,FULJ ILQD SIZE,1
2022-07-19 07:24:06.008915,2022-06-13 21:32:33.000000,US298785JL15,European Investment Bank DL Notes 2021 31 ,2207190824060257986,TRAX,TRAX,PERC,84.35,USD,15000000,USD,FULJ ILQD SIZE,1
2022-07-19 07:44:41.007018,2022-06-13 21:32:33.000000,US298785JL15,European Investment Bank DL Notes 2021 31 ,2207190844410106795,TRAX,TRAX,PERC,84.35,USD,15000000,USD,FULJ ILQD SIZE,1
2022-07-19 06:12:23.015674,2022-06-13 21:32:34.000000,US298785JL15,European Investment Bank DL Notes 2021 31 ,2207190712230455183,TRAX,TRAX,PERC,84.35,USD,15000000,USD,FULJ ILQD SIZE,1
2022-07-19 06:02:17.009038,2022-06-13 21:32:34.000000,US298785JL15,European Investment Bank DL Notes 2021 31 ,2207190702170452914,TRAX,TRAX,PERC,84.35,USD,15000000,USD,FULJ ILQD SIZE,1
2022-07-19 07:31:47.007401,2022-06-13 21:32:34.000000,US298785JL15,European Investment Bank DL Notes 2021 31 ,2207190831470183599,TRAX,TRAX,PERC,84.35,USD,15000000,USD,FULJ ILQD SIZE,1
2022-07-19 05:30:17.007165,2022-06-13 21:32:34.000000,US298785JL15,European Investment Bank DL Notes 2021 31 ,2207190630170267518,TRAX,TRAX,PERC,84.365,USD,10000000,USD,FULJ ILQD SIZE,1
2022-07-19 07:11:33.046776,2022-06-13 21:32:34.000000,US298785JL15,European Investment Bank DL Notes 2021 31 ,2207190811330215386,TRAX,TRAX,PERC,84.365,USD,10000000,USD,FULJ ILQD SIZE,1
2022-07-19 05:20:41.068828,2022-06-13 21:32:34.000000,US298785JL15,European Investment Bank DL Notes 2021 31 ,2207190620410446115,TRAX,TRAX,PERC,84.365,USD,10000000,USD,FULJ ILQD SIZE,1
2022-07-19 06:55:55.009975,2022-06-13 21:32:35.000000,US298785JL15,European Investment Bank DL Notes 2021 31 ,2207190755550465013,TRAX,TRAX,PERC,84.365,USD,10000000,USD,FULJ ILQD SIZE,1
2022-07-19 07:27:14.008518,2022-06-13 21:32:35.000000,US298785JL15,European Investment Bank DL Notes 2021 31 ,2207190827140472671,TRAX,TRAX,PERC,84.365,USD,10000000,USD,FULJ ILQD SIZE,1
2022-07-19 06:12:34.014822,2022-06-13 21:32:35.000000,US298785JL15,European Investment Bank DL Notes 2021 31 ,2207190712340113209,TRAX,TRAX,PERC,84.365,USD,10000000,USD,FULJ ILQD SIZE,1
2022-07-19 05:23:46.014696,2022-06-13 21:32:35.000000,US298785JL15,European Investment Bank DL Notes 2021 31 ,2207190623460105154,TRAX,TRAX,PERC,84.35,USD,15000000,USD,FULJ ILQD SIZE,1
2022-07-19 07:31:16.007734,2022-06-13 21:32:35.000000,US298785JL15,European Investment Bank DL Notes 2021 31 ,2207190831160182571,TRAX,TRAX,PERC,84.35,USD,15000000,USD,FULJ ILQD SIZE,1
2022-07-19 05:12:02.011914,2022-06-13 21:32:36.000000,US298785JL15,European Investment Bank DL Notes 2021 31 ,2207190612020102669,TRAX,TRAX,PERC,84.35,USD,15000000,USD,FULJ ILQD SIZE,1
2022-07-19 07:41:09.008364,2022-06-13 21:32:36.000000,US298785JL15,European Investment Bank DL Notes 2021 31 ,2207190841090476164,TRAX,TRAX,PERC,84.365,USD,10000000,USD,FULJ ILQD SIZE,1
2022-07-19 05:37:26.006614,2022-06-13 21:32:36.000000,US298785JL15,European Investment Bank DL Notes 2021 31 ,2207190637260107657,TRAX,TRAX,PERC,84.35,USD,15000000,USD,FULJ ILQD SIZE,1
2022-07-19 06:43:44.015583,2022-06-13 21:32:36.000000,US298785JL15,European Investment Bank DL Notes 2021 31 ,2207190743440282122,TRAX,TRAX,PERC,84.365,USD,10000000,USD,FULJ ILQD SIZE,1
2022-07-19 06:26:29.016726,2022-06-13 21:32:36.000000,US298785JL15,European Investment Bank DL Notes 2021 31 ,2207190726290458382,TRAX,TRAX,PERC,84.35,USD,15000000,USD,FULJ ILQD SIZE,1
2022-07-19 05:19:14.119674,2022-06-13 21:32:37.000000,US298785JL15,European Investment Bank DL Notes 2021 31 ,2207190619140445792,TRAX,TRAX,PERC,84.365,USD,10000000,USD,FULJ ILQD SIZE,1
2022-07-19 07:26:27.007060,2022-06-13 21:32:37.000000,US298785JL15,European Investment Bank DL Notes 2021 31 ,2207190826270472484,TRAX,TRAX,PERC,84.35,USD,15000000,USD,FULJ ILQD SIZE,1
2022-07-19 05:18:48.025747,2022-06-13 21:32:37.000000,US298785JL15,European Investment Bank DL Notes 2021 31 ,2207190618480264095,TRAX,TRAX,PERC,84.35,USD,15000000,USD,FULJ ILQD SIZE,1
2022-07-19 05:29:24.007195,2022-06-13 21:32:37.000000,US298785JL15,European Investment Bank DL Notes 2021 31 ,2207190629240303226,TRAX,TRAX,PERC,84.365,USD,10000000,USD,FULJ ILQD SIZE,1
2022-07-19 06:16:11.022798,2022-06-13 21:32:37.000000,US298785JL15,European Investment Bank DL Notes 2021 31 ,2207190716110456075,TRAX,TRAX,PERC,84.35,USD,15000000,USD,FULJ ILQD SIZE,1
2022-07-19 05:39:29.007973,2022-06-13 21:32:37.000000,US298785JL15,European Investment Bank DL Notes 2021 31 ,2207190639290107809,TRAX,TRAX,PERC,84.365,USD,10000000,USD,FULJ ILQD SIZE,1
2022-07-19 06:11:23.016906,2022-06-13 21:32:38.000000,US298785JL15,European Investment Bank DL Notes 2021 31 ,2207190711230112957,TRAX,TRAX,PERC,84.365,USD,10000000,USD,FULJ ILQD SIZE,1
2022-07-19 07:03:53.011216,2022-06-13 21:32:38.000000,US298785JL15,European Investment Bank DL Notes 2021 31 ,2207190803530128395,TRAX,TRAX,PERC,84.35,USD,15000000,USD,FULJ ILQD SIZE,1
2022-07-19 06:46:52.015233,2022-06-13 21:32:38.000000,US298785JL15,European Investment Bank DL Notes 2021 31 ,2207190746520462728,TRAX,TRAX,PERC,84.35,USD,15000000,USD,FULJ ILQD SIZE,1
2022-07-19 07:42:15.008814,2022-06-13 21:32:38.000000,US298785JL15,European Investment Bank DL Notes 2021 31 ,2207190842150102182,TRAX,TRAX,PERC,84.365,USD,10000000,USD,FULJ ILQD SIZE,1
2022-07-19 07:01:13.012114,2022-06-13 21:32:38.000000,US298785JL15,European Investment Bank DL Notes 2021 31 ,2207190801130126644,TRAX,TRAX,PERC,84.365,USD,10000000,USD,FULJ ILQD SIZE,1
2022-07-19 05:22:28.025270,2022-06-13 21:32:38.000000,US298785JL15,European Investment Bank DL Notes 2021 31 ,2207190622280104593,TRAX,TRAX,PERC,84.35,USD,15000000,USD,FULJ ILQD SIZE,1
2022-07-19 05:20:40.029628,2022-06-13 21:32:39.000000,US298785JL15,European Investment Bank DL Notes 2021 31 ,2207190620400300250,TRAX,TRAX,PERC,84.365,USD,10000000,USD,FULJ ILQD SIZE,1
2022-07-19 07:17:22.008531,2022-06-13 21:32:39.000000,US298785JL15,European Investment Bank DL Notes 2021 31 ,2207190817220235647,TRAX,TRAX,PERC,84.35,USD,15000000,USD,FULJ ILQD SIZE,1
2022-07-19 05:43:02.007704,2022-06-13 21:32:39.000000,US298785JL15,European Investment Bank DL Notes 2021 31 ,2207190643020268557,TRAX,TRAX,PERC,84.365,USD,10000000,USD,FULJ ILQD SIZE,1
2022-07-19 07:17:59.010237,2022-06-13 21:32:39.000000,US298785JL15,European Investment Bank DL Notes 2021 31 ,2207190817590153572,TRAX,TRAX,PERC,84.35,USD,15000000,USD,FULJ ILQD SIZE,1
2022-07-19 05:42:07.006132,2022-06-13 21:32:39.000000,US298785JL15,European Investment Bank DL Notes 2021 31 ,2207190642070108008,TRAX,TRAX,PERC,84.35,USD,15000000,USD,FULJ ILQD SIZE,1
2022-07-19 06:19:23.020436,2022-06-13 21:32:39.000000,US298785JL15,European Investment Bank DL Notes 2021 31 ,2207190719230114843,TRAX,TRAX,PERC,84.365,USD,10000000,USD,FULJ ILQD SIZE,1
2022-07-19 05:36:48.007824,2022-06-13 21:32:40.000000,US298785JL15,European Investment Bank DL Notes 2021 31 ,2207190636480303876,TRAX,TRAX,PERC,84.365,USD,10000000,USD,FULJ ILQD SIZE,1
2022-07-19 07:31:02.010577,2022-06-13 21:32:40.000000,US298785JL15,European Investment Bank DL Notes 2021 31 ,2207190831020343666,TRAX,TRAX,PERC,84.35,USD,15000000,USD,FULJ ILQD SIZE,1
2022-07-19 07:03:58.009966,2022-06-13 21:32:40.000000,US298785JL15,European Investment Bank DL Notes 2021 31 ,2207190803580323336,TRAX,TRAX,PERC,84.365,USD,10000000,USD,FULJ ILQD SIZE,1
2022-07-19 06:42:08.057538,2022-06-13 21:32:40.000000,US298785JL15,European Investment Bank DL Notes 2021 31 ,2207190742080316831,TRAX,TRAX,PERC,84.365,USD,10000000,USD,FULJ ILQD SIZE,1
2022-07-19 06:51:40.017222,2022-06-13 21:32:40.000000,US298785JL15,European Investment Bank DL Notes 2021 31 ,2207190751400319451,TRAX,TRAX,PERC,84.35,USD,15000000,USD,FULJ ILQD SIZE,1
2022-07-19 07:31:00.012338,2022-06-13 21:32:41.000000,US298785JL15,European Investment Bank DL Notes 2021 31 ,2207190831000343640,TRAX,TRAX,PERC,84.35,USD,15000000,USD,FULJ ILQD SIZE,1
2022-07-19 07:06:40.018206,2022-06-13 21:32:41.000000,US298785JL15,European Investment Bank DL Notes 2021 31 ,2207190806400130271,TRAX,TRAX,PERC,84.365,USD,10000000,USD,FULJ ILQD SIZE,1
2022-07-19 05:27:28.006584,2022-06-13 21:32:41.000000,US298785JL15,European Investment Bank DL Notes 2021 31 ,2207190627280267306,TRAX,TRAX,PERC,84.35,USD,15000000,USD,FULJ ILQD SIZE,1
2022-07-19 07:14:18.011239,2022-06-13 21:32:41.000000,US298785JL15,European Investment Bank DL Notes 2021 31 ,2207190814180469454,TRAX,TRAX,PERC,84.35,USD,15000000,USD,FULJ ILQD SIZE,1
2022-07-19 06:02:53.007149,2022-06-13 21:32:41.000000,US298785JL15,European Investment Bank DL Notes 2021 31 ,2207190702530307399,TRAX,TRAX,PERC,84.365,USD,10000000,USD,FULJ ILQD SIZE,1
2022-07-19 07:35:13.007746,2022-06-13 21:32:42.000000,US298785JL15,European Investment Bank DL Notes 2021 31 ,2207190835130213568,TRAX,TRAX,PERC,84.365,USD,10000000,USD,FULJ ILQD SIZE,1
2022-07-19 06:18:42.024773,2022-06-13 21:32:42.000000,US298785JL15,European Investment Bank DL Notes 2021 31 ,2207190718420275269,TRAX,TRAX,PERC,84.365,USD,10000000,USD,FULJ ILQD SIZE,1
2022-07-19 05:34:52.007513,2022-06-13 21:32:42.000000,US298785JL15,European Investment Bank DL Notes 2021 31 ,2207190634520267900,TRAX,TRAX,PERC,84.365,USD,10000000,USD,FULJ ILQD SIZE,1
2022-07-19 05:51:38.009562,2022-06-13 21:32:42.000000,US298785JL15,European Investment Bank DL Notes 2021 31 ,2207190651380269750,TRAX,TRAX,PERC,84.35,USD,15000000,USD,FULJ ILQD SIZE,1
2022-07-19 07:27:12.009039,2022-06-13 21:32:42.000000,US298785JL15,European Investment Bank DL Notes 2021 31 ,2207190827120268523,TRAX,TRAX,PERC,84.35,USD,15000000,USD,FULJ ILQD SIZE,1
2022-07-19 06:54:32.008320,2022-06-13 21:32:42.000000,US298785JL15,European Investment Bank DL Notes 2021 31 ,2207190754320286699,TRAX,TRAX,PERC,84.35,USD,15000000,USD,FULJ ILQD SIZE,1
2022-07-19 06:53:57.009112,2022-06-13 21:32:43.000000,US298785JL15,European Investment Bank DL Notes 2021 31 ,2207190753570123953,TRAX,TRAX,PERC,84.35,USD,15000000,USD,FULJ ILQD SIZE,1
2022-07-19 06:06:33.024203,2022-06-13 21:32:43.000000,US298785JL15,European Investment Bank DL Notes 2021 31 ,2207190706330308320,TRAX,TRAX,PERC,84.365,USD,10000000,USD,FULJ ILQD SIZE,1
2022-07-19 06:22:18.019444,2022-06-13 21:32:43.000000,US298785JL15,European Investment Bank DL Notes 2021 31 ,2207190722180276069,TRAX,TRAX,PERC,84.35,USD,15000000,USD,FULJ ILQD SIZE,1
2022-07-19 06:56:34.009153,2022-06-13 21:32:43.000000,US298785JL15,European Investment Bank DL Notes 2021 31 ,2207190756340320937,TRAX,TRAX,PERC,84.365,USD,10000000,USD,FULJ ILQD SIZE,1
2022-07-19 05:26:34.006576,2022-06-13 21:32:43.000000,US298785JL15,European Investment Bank DL Notes 2021 31 ,2207190626340267233,TRAX,TRAX,PERC,84.365,USD,10000000,USD,FULJ ILQD SIZE,1
2022-07-19 07:22:19.007672,2022-06-13 21:32:43.000000,US298785JL15,European Investment Bank DL Notes 2021 31 ,2207190822190336409,TRAX,TRAX,PERC,84.35,USD,15000000,USD,FULJ ILQD SIZE,1
2022-07-19 05:31:17.011377,2022-06-13 21:32:44.000000,US298785JL15,European Investment Bank DL Notes 2021 31 ,2207190631170303391,TRAX,TRAX,PERC,84.35,USD,15000000,USD,FULJ ILQD SIZE,1
2022-07-19 05:37:55.007295,2022-06-13 21:32:44.000000,US298785JL15,European Investment Bank DL Notes 2021 31 ,2207190637550449804,TRAX,TRAX,PERC,84.35,USD,15000000,USD,FULJ ILQD SIZE,1
2022-07-19 05:37:43.006196,2022-06-13 21:32:44.000000,US298785JL15,European Investment Bank DL Notes 2021 31 ,2207190637430107682,TRAX,TRAX,PERC,84.365,USD,10000000,USD,FULJ ILQD SIZE,1
2022-07-19 07:07:55.066829,2022-06-13 21:32:44.000000,US298785JL15,European Investment Bank DL Notes 2021 31 ,2207190807550467882,TRAX,TRAX,PERC,84.365,USD,10000000,USD,FULJ ILQD SIZE,1
2022-07-19 06:36:56.016105,2022-06-13 21:32:44.000000,US298785JL15,European Investment Bank DL Notes 2021 31 ,2207190736560118672,TRAX,TRAX,PERC,84.35,USD,15000000,USD,FULJ ILQD SIZE,1
2022-07-19 05:47:38.006658,2022-06-13 21:32:44.000000,US298785JL15,European Investment Bank DL Notes 2021 31 ,2207190647380451082,TRAX,TRAX,PERC,84.365,USD,10000000,USD,FULJ ILQD SIZE,1
2022-07-19 07:37:43.006059,2022-06-13 21:32:45.000000,US298785JL15,European Investment Bank DL Notes 2021 31 ,2207190837430475294,TRAX,TRAX,PERC,84.35,USD,15000000,USD,FULJ ILQD SIZE,1
2022-07-19 06:15:41.033446,2022-06-13 21:32:45.000000,US298785JL15,European Investment Bank DL Notes 2021 31 ,2207190715410310542,TRAX,TRAX,PERC,84.35,USD,15000000,USD,FULJ ILQD SIZE,1
2022-07-19 06:02:18.007134,2022-06-13 21:32:45.000000,US298785JL15,European Investment Bank DL Notes 2021 31 ,2207190702180307259,TRAX,TRAX,PERC,84.365,USD,10000000,USD,FULJ ILQD SIZE,1
2022-07-19 05:24:25.024065,2022-06-13 21:32:45.000000,US298785JL15,European Investment Bank DL Notes 2021 31 ,2207190624250447544,TRAX,TRAX,PERC,84.365,USD,10000000,USD,FULJ ILQD SIZE,1
2022-07-19 05:15:19.056012,2022-06-13 21:32:45.000000,US298785JL15,European Investment Bank DL Notes 2021 31 ,2207190615190102967,TRAX,TRAX,PERC,84.365,USD,10000000,USD,FULJ ILQD SIZE,1
2022-07-19 07:50:48.008676,2022-06-13 21:32:46.000000,US298785JL15,European Investment Bank DL Notes 2021 31 ,2207190850480272284,TRAX,TRAX,PERC,84.35,USD,15000000,USD,FULJ ILQD SIZE,1
2022-07-19 06:31:51.009677,2022-06-13 21:32:46.000000,US298785JL15,European Investment Bank DL Notes 2021 31 ,2207190731510459499,TRAX,TRAX,PERC,84.35,USD,15000000,USD,FULJ ILQD SIZE,1
2022-07-19 06:21:09.036673,2022-06-13 21:32:46.000000,US298785JL15,European Investment Bank DL Notes 2021 31 ,2207190721090457238,TRAX,TRAX,PERC,84.35,USD,15000000,USD,FULJ ILQD SIZE,1
2022-07-19 07:06:34.016298,2022-06-13 21:32:46.000000,US298785JL15,European Investment Bank DL Notes 2021 31 ,2207190806340200298,TRAX,TRAX,PERC,84.365,USD,10000000,USD,FULJ ILQD SIZE,1
2022-07-19 06:17:43.013712,2022-06-13 21:32:46.000000,US298785JL15,European Investment Bank DL Notes 2021 31 ,2207190717430114466,TRAX,TRAX,PERC,84.365,USD,10000000,USD,FULJ ILQD SIZE,1
2022-07-19 07:30:15.009979,2022-06-13 21:32:46.000000,US298785JL15,European Investment Bank DL Notes 2021 31 ,2207190830150342885,TRAX,TRAX,PERC,84.365,USD,10000000,USD,FULJ ILQD SIZE,1
2022-07-19 06:24:19.009658,2022-06-13 21:32:47.000000,US298785JL15,European Investment Bank DL Notes 2021 31 ,2207190724190312514,TRAX,TRAX,PERC,84.35,USD,15000000,USD,FULJ ILQD SIZE,1
2022-07-19 05:02:11.013630,2022-06-13 21:32:47.000000,US298785JL15,European Investment Bank DL Notes 2021 31 ,2207190602110397972,TRAX,TRAX,PERC,84.365,USD,10000000,USD,FULJ ILQD SIZE,1
2022-07-19 06:16:11.035591,2022-06-13 21:32:47.000000,US298785JL15,European Investment Bank DL Notes 2021 31 ,2207190716110114078,TRAX,TRAX,PERC,84.35,USD,15000000,USD,FULJ ILQD SIZE,1
2022-07-19 07:22:44.008717,2022-06-13 21:32:47.000000,US298785JL15,European Investment Bank DL Notes 2021 31 ,2207190822440254459,TRAX,TRAX,PERC,84.365,USD,10000000,USD,FULJ ILQD SIZE,1
2022-07-19 06:02:08.007502,2022-06-13 21:32:47.000000,US298785JL15,European Investment Bank DL Notes 2021 31 ,2207190702080452873,TRAX,TRAX,PERC,84.35,USD,15000000,USD,FULJ ILQD SIZE,1
2022-07-19 05:42:15.007718,2022-06-13 21:32:48.000000,US298785JL15,European Investment Bank DL Notes 2021 31 ,2207190642150268491,TRAX,TRAX,PERC,84.35,USD,15000000,USD,FULJ ILQD SIZE,1
2022-07-19 06:49:23.008521,2022-06-13 21:32:48.000000,US298785JL15,European Investment Bank DL Notes 2021 31 ,2207190749230122378,TRAX,TRAX,PERC,84.365,USD,10000000,USD,FULJ ILQD SIZE,1
2022-07-19 05:22:07.025278,2022-06-13 21:32:48.000000,US298785JL15,European Investment Bank DL Notes 2021 31 ,2207190622070446552,TRAX,TRAX,PERC,84.35,USD,15000000,USD,FULJ ILQD SIZE,1
2022-07-19 07:17:45.009051,2022-06-13 21:32:48.000000,US298785JL15,European Investment Bank DL Notes 2021 31 ,2207190817450236939,TRAX,TRAX,PERC,84.35,USD,15000000,USD,FULJ ILQD SIZE,1
2022-07-19 06:52:45.008980,2022-06-13 21:32:48.000000,US298785JL15,European Investment Bank DL Notes 2021 31 ,2207190752450464038,TRAX,TRAX,PERC,84.365,USD,10000000,USD,FULJ ILQD SIZE,1
2022-07-19 07:16:18.011231,2022-06-13 21:32:48.000000,US298785JL15,European Investment Bank DL Notes 2021 31 ,2207190816180331469,TRAX,TRAX,PERC,84.365,USD,10000000,USD,FULJ ILQD SIZE,1
2022-07-19 05:45:36.007358,2022-06-13 21:32:49.000000,US298785JL15,European Investment Bank DL Notes 2021 31 ,2207190645360450945,TRAX,TRAX,PERC,84.35,USD,15000000,USD,FULJ ILQD SIZE,1
2022-07-19 07:39:35.009419,2022-06-13 21:32:49.000000,US298785JL15,European Investment Bank DL Notes 2021 31 ,2207190839350231019,TRAX,TRAX,PERC,84.35,USD,15000000,USD,FULJ ILQD SIZE,1
2022-07-19 05:38:17.006659,2022-06-13 21:32:49.000000,US298785JL15,European Investment Bank DL Notes 2021 31 ,2207190638170268149,TRAX,TRAX,PERC,84.365,USD,10000000,USD,FULJ ILQD SIZE,1
2022-07-19 07:30:17.009380,2022-06-13 21:32:49.000000,US298785JL15,European Investment Bank DL Notes 2021 31 ,2207190830170283304,TRAX,TRAX,PERC,84.365,USD,10000000,USD,FULJ ILQD SIZE,1
2022-07-19 07:20:39.007057,2022-06-13 21:32:49.000000,US298785JL15,European Investment Bank DL Notes 2021 31 ,2207190820390159506,TRAX,TRAX,PERC,84.365,USD,10000000,USD,FULJ ILQD SIZE,1
2022-07-19 06:47:38.024333,2022-06-13 21:32:49.000000,US298785JL15,European Investment Bank DL Notes 2021 31 ,2207190747380121863,TRAX,TRAX,PERC,84.35,USD,15000000,USD,FULJ ILQD SIZE,1
2022-07-19 05:46:22.007336,2022-06-13 21:32:50.000000,US298785JL15,European Investment Bank DL Notes 2021 31 ,2207190646220108915,TRAX,TRAX,PERC,84.365,USD,10000000,USD,FULJ ILQD SIZE,1
2022-07-19 05:11:15.011326,2022-06-13 21:32:50.000000,US298785JL15,European Investment Bank DL Notes 2021 31 ,2207190611150444618,TRAX,TRAX,PERC,84.35,USD,15000000,USD,FULJ ILQD SIZE,1
2022-07-19 05:12:50.009187,2022-06-13 21:32:50.000000,US298785JL15,European Investment Bank DL Notes 2021 31 ,2207190612500444739,TRAX,TRAX,PERC,84.35,USD,15000000,USD,FULJ ILQD SIZE,1
2022-07-19 06:23:32.015568,2022-06-13 21:32:50.000000,US298785JL15,European Investment Bank DL Notes 2021 31 ,2207190723320312328,TRAX,TRAX,PERC,84.35,USD,15000000,USD,FULJ ILQD SIZE,1
2022-07-19 05:39:00.013441,2022-06-13 21:32:50.000000,US298785JL15,European Investment Bank DL Notes 2021 31 ,2207190639000107772,TRAX,TRAX,PERC,84.365,USD,10000000,USD,FULJ ILQD SIZE,1
2022-07-19 05:27:09.006898,2022-06-13 21:32:50.000000,US298785JL15,European Investment Bank DL Notes 2021 31 ,2207190627090448945,TRAX,TRAX,PERC,84.365,USD,10000000,USD,FULJ ILQD SIZE,1
2022-07-19 06:06:04.007910,2022-06-13 21:32:51.000000,US298785JL15,European Investment Bank DL Notes 2021 31 ,2207190706040453797,TRAX,TRAX,PERC,84.365,USD,10000000,USD,FULJ ILQD SIZE,1
